benchmark_name,modality,task_type,domain,output_type,evaluation_metrics,paper_link,dataset_link,languages,dataset_size,num_train_examples,num_val_examples,num_test_examples,sota_performance,sota_model,license_details,last_updated,citation_count,downloads,example_code_link,similar_benchmarks,data_format,preprocessing_notes,ethical_considerations,model_architectures,hardware_requirements,training_time
40umov,,,,,,,https://huggingface.co/datasets/40umov,,,,,,,,https://choosealicense.com/licenses/unknown/,,,,,,,,,,,
a-m-team,,,,,,,https://huggingface.co/datasets/a-m-team,,,,,,,,https://choosealicense.com/licenses/cc-by-nc-4.0/,,,,,,,,,,,
a686d380,,,,,,,https://huggingface.co/datasets/a686d380,,,,,,,,,,,,,,,,,,,
Aarushhh,,,,,,,https://huggingface.co/datasets/Aarushhh,,,,,,,,,,,,,,,,,,,
abisee,Text,Question Answering,General,Text,"Exact Match, F1 Score",,https://huggingface.co/datasets/abisee,dataset containing just over 300k unique news articles as written by journalists at CNN and the Daily Mail,,,,,,,https://choosealicense.com/licenses/apache-2.0/,,,,,,,,,"BERT, RoBERTa, T5, BART",,
abuelkhair-corpus,Text,,,,,http://www.abuelkhair.net/index.php/en/arabic/abu-el-khair-corpus,https://huggingface.co/datasets/abuelkhair-corpus,,,,,,,,https://choosealicense.com/licenses/unknown/,,,,,,,,,,,
achrafothman,Text,General,General,Text,"Accuracy, F1 Score",https://achrafothman.net/site/asl-smt/,https://huggingface.co/datasets/achrafothman,English,,,,,,,https://choosealicense.com/licenses/cc-by-nc-4.0/,,,,,,,,,"BERT, RoBERTa, T5",,
ade-benchmark-corpus,Text,Classification,General,Label,"Accuracy, F1 Score, Precision, Recall",https://www.sciencedirect.com/science/article/pii/S1532046412000615,https://huggingface.co/datasets/ade-benchmark-corpus,,,,,,,,https://choosealicense.com/licenses/unknown/,,,,,,,,,"BERT, RoBERTa, DeBERTa, XLNet",,
AgentGym,,,,,,,https://huggingface.co/datasets/AgentGym,,,,,,,,,,,,,,,,,,,
agentica-org,,,,,,,https://huggingface.co/datasets/agentica-org,,,,,,,,https://choosealicense.com/licenses/mit/,,,,,,,,,,,
agents-course,,,,,,,https://huggingface.co/datasets/agents-course,,,,,,,,,,,,,,,,,,,
agibot-world,,,,,,,https://huggingface.co/datasets/agibot-world,,,,,,,,,,,,,,,,,,,
ahelk,Text,,,,,http://www.statmt.org/cc-aligned/,https://huggingface.co/datasets/ahelk,,,,,,,,https://choosealicense.com/licenses/unknown/,,,,,,,,,,,
AI-Lab-Makerere,Image,General,General,Text,"Accuracy, F1 Score",https://github.com/AI-Lab-Makerere/ibean/,https://huggingface.co/datasets/AI-Lab-Makerere,,,,,,,,https://choosealicense.com/licenses/mit/,,,967,,,,,,"BERT, RoBERTa, T5",,
AI-MO,Text,Segmentation,Document,Bounding Box/Mask,"IoU, Pixel Accuracy",https://projectnumina.ai,https://huggingface.co/datasets/AI-MO,,,,,,,Total,https://choosealicense.com/licenses/apache-2.0/,,,,,,,,,"Mask R-CNN, DeepLab, U-Net",,
AI-Secure,,,,,,https://arxiv.org/abs/2306.11698,https://huggingface.co/datasets/AI-Secure,,,,,,,,https://choosealicense.com/licenses/cc-by-sa-4.0/,,,,,,,,,,,
AI-team-UoA,Text,General,Document,Text,"Accuracy, F1 Score",https://arxiv.org/abs/2109.15298,https://huggingface.co/datasets/AI-team-UoA,,,,,,,,https://choosealicense.com/licenses/cc-by-4.0/,,,,,,,,,"BERT, RoBERTa, T5",,
AI4Industry,,,,,,,https://huggingface.co/datasets/AI4Industry,,,,,,,,https://choosealicense.com/licenses/mit/,,,,,,,,,,,
AI4Math,,,,,,https://arxiv.org/abs/2310.02255,https://huggingface.co/datasets/AI4Math,,,,,,,,https://choosealicense.com/licenses/cc-by-sa-4.0/,,,,,,Data VisualizationData SourceAutomatic EvaluationLicenseCitationDataset Card for MathVistaDataset DescriptionPaper InformationDataset ExamplesLeaderboardDataset UsageData DownloadingData FormatData VisualizationData SourceAutomatic EvaluationLicenseCitationDataset DescriptionMathVistais a consolidated Mathematical reasoning benchmark within Visual contexts,,,,,
ai4privacy,,,,,,,https://huggingface.co/datasets/ai4privacy,,,,,,,,https://choosealicense.com/licenses/other/,,,,,,,,,,,
AIMClab-RUC,,,,,,https://arxiv.org/abs/2503.00901,https://huggingface.co/datasets/AIMClab-RUC,,,,,,,,https://choosealicense.com/licenses/cc-by-nc-sa-4.0/,,,,,,,,,,,
ajibawa-2023,,,,,,,https://huggingface.co/datasets/ajibawa-2023,,,,,,,,https://choosealicense.com/licenses/apache-2.0/,,,,,,,,,,,
allenai,Text,General,Scientific,Text,"Accuracy, F1 Score",https://toxicdegeneration.allenai.org/,https://huggingface.co/datasets/allenai,,,,,,,,https://choosealicense.com/licenses/apache-2.0/,,,,,,,,,"BERT, RoBERTa, T5",,
AmaanP314,,,,,,,https://huggingface.co/datasets/AmaanP314,,,,,,,,https://choosealicense.com/licenses/cc-by-sa-4.0/,,,,,,,,,,,
amaye15,,,,,,,https://huggingface.co/datasets/amaye15,,,,,,,,,,,,,,,,,,,
Amod,Text,General,General,Text,"Accuracy, F1 Score",,https://huggingface.co/datasets/Amod,models to improve their ability to provide mental health advice,,,,,,,https://choosealicense.com/licenses/openrail/,,,,,,,,,"BERT, RoBERTa, T5",,
amphora,,,,,,,https://huggingface.co/datasets/amphora,,,,,,,,https://choosealicense.com/licenses/apache-2.0/,,,,,,,,,,,
Amr-khaled,,,,,,,https://huggingface.co/datasets/Amr-khaled,,,,,,,,https://choosealicense.com/licenses/apache-2.0/,,,,,,,,,,,
andito,,,,,,,https://huggingface.co/datasets/andito,,,,,,,,,,,,,,,,,,,
antebe1,,,,,,,https://huggingface.co/datasets/antebe1,,,,,,,,https://choosealicense.com/licenses/cc-by-4.0/,,,,,,,,,,,
Anthropic,,,,,,,https://huggingface.co/datasets/Anthropic,,,,,,,,https://choosealicense.com/licenses/mit/,,,,,,,,,,,
arbml,,,,,,https://arxiv.org/abs/2402.03177,https://huggingface.co/datasets/arbml,,,,,,,,https://choosealicense.com/licenses/cc-by-nc-4.0/,,,,,,,,,,,
arc-agi-community,,,,,,,https://huggingface.co/datasets/arc-agi-community,,,,,,,,,,,,,,,,,,,
Armewer,,,,,,,https://huggingface.co/datasets/Armewer,,,,,,,,https://choosealicense.com/licenses/mit/,,,,,,,,,,,
ARTPARK-IISc,,,,,,,https://huggingface.co/datasets/ARTPARK-IISc,,,,,,,,https://choosealicense.com/licenses/cc-by-4.0/,,,,,,,,,,,
arxiv-community,Text,,,,,https://www.kaggle.com/Cornell-University/arxiv,https://huggingface.co/datasets/arxiv-community,,,,,,,,https://choosealicense.com/licenses/cc0-1.0/,,,,,,,,,,,
asigalov61,,,,,,,https://huggingface.co/datasets/asigalov61,,,,,,,,https://choosealicense.com/licenses/cc-by-nc-sa-4.0/,,,,,,,,,,,
ASSERT-KTH,,,,,,,https://huggingface.co/datasets/ASSERT-KTH,,,,,,,,,,,,,,,,,,,
asuender,,,,,,,https://huggingface.co/datasets/asuender,,,,,,,,https://choosealicense.com/licenses/cc/,,,,,,,,,,,
attn-signs,,,,,,,https://huggingface.co/datasets/attn-signs,,,,,,,,https://choosealicense.com/licenses/apache-2.0/,,,,,,,,,,,
aurelium,,,,,,,https://huggingface.co/datasets/aurelium,,,,,,,,https://choosealicense.com/licenses/mit/,,,,,,,,,,,
AutonLab,,,,,,https://arxiv.org/abs/1703.07015,https://huggingface.co/datasets/AutonLab,,,,,,,,https://choosealicense.com/licenses/mit/,,,,,,,,,,,
av555,,,,,,,https://huggingface.co/datasets/av555,,,,,,,,https://choosealicense.com/licenses/cc-by-nc-nd-4.0/,,,,,,,,,,,
aviaefrat,Text,,,,,https://github.com/aviaefrat/cryptonite,https://huggingface.co/datasets/aviaefrat,,,,,,,,https://choosealicense.com/licenses/cc-by-nc-4.0/,,,,,,,,,,,
axiong,,,,,,,https://huggingface.co/datasets/axiong,,,,,,,,,,,,,,,,,,,
AymanTarig,,,,,,,https://huggingface.co/datasets/AymanTarig,,,,,,,,,,,,,,,,,,,
AYUSHKHAIRE,,,,,,,https://huggingface.co/datasets/AYUSHKHAIRE,,,,,,,,https://choosealicense.com/licenses/apache-2.0/,,,,,,,,,,,
b-mc2,,,,,,,https://huggingface.co/datasets/b-mc2,,,,,,,,https://choosealicense.com/licenses/cc-by-4.0/,,,,,,,,,,,
b3x0m,,,,,,,https://huggingface.co/datasets/b3x0m,,,,,,,,,,,,,,,,,,,
BAAI,,,,,,https://arxiv.org/abs/2409.18584,https://huggingface.co/datasets/BAAI,,,,,,,,https://choosealicense.com/licenses/cc-by-nc-sa-4.0/,,,,,,,,,,,
bespokelabs,,,,,,,https://huggingface.co/datasets/bespokelabs,,,,,,,,https://choosealicense.com/licenses/apache-2.0/,,,,https://github.com/bespokelabsai/curator/tree/main/examples/bespoke-stratos-data-generation,,,,,,,
BGLab,,,,,,,https://huggingface.co/datasets/BGLab,,,,,,,,https://choosealicense.com/licenses/cc-by-nc-4.0/,,,,,,,,,,,
bigcode,,,,,,,https://huggingface.co/datasets/bigcode,,,,,,,,https://choosealicense.com/licenses/other/,,,,,,,,,,,
bitext,,,,,,,https://huggingface.co/datasets/bitext,,,,,,,,https://choosealicense.com/licenses/cdla-sharing-1.0/,,,,,,,,,,,
BlackKakapo,,,,,,,https://huggingface.co/datasets/BlackKakapo,,,,,,,,https://choosealicense.com/licenses/apache-2.0/,,,,,,,,,,,
BoDai,,,,,,,https://huggingface.co/datasets/BoDai,,,,,,,,,,,,,,,,,,,
bookcorpus,Text,,,,,https://yknzhu.wixsite.com/mbweb,https://huggingface.co/datasets/bookcorpus,,,,,,,,https://choosealicense.com/licenses/unknown/,,,,,,,,,,,
BounharAbdelaziz,,,,,,,https://huggingface.co/datasets/BounharAbdelaziz,,,,,,,,,,,,,,,,,,,
BTX24,,,,,,,https://huggingface.co/datasets/BTX24,,,,,,,,https://choosealicense.com/licenses/apache-2.0/,,,,,,,,,,,
bupt,,,,,,,https://huggingface.co/datasets/bupt,,,,,,,,,,,,,,,,,,,
burgerbee,,,,,,,https://huggingface.co/datasets/burgerbee,,,,,,,,,,,,,,,,,,,
burkimbia,,,,,,,https://huggingface.co/datasets/burkimbia,,,,,,,,,,,,,,,,,,,
cadene,,,,,,,https://huggingface.co/datasets/cadene,,,,,,,,https://choosealicense.com/licenses/apache-2.0/,,,,,,,,,,,
cais,Text,General,Scientific,Text,"Accuracy, F1 Score",https://arxiv.org/abs/2009.03300,https://huggingface.co/datasets/cais,"Understanding by Dan Hendrycks, Collin Burns, Steven Basart, Andy Zou, Mantas Mazeika, Dawn Song, and Jacob Steinhardt (ICLR 2021)",,,,,,,https://choosealicense.com/licenses/mit/,,,,,,,,,"BERT, RoBERTa, T5",,
cam-cst,Text,General,UI,Text,"Accuracy, F1 Score",https://research.fb.com/downloads/babi/,https://huggingface.co/datasets/cam-cst,models can exploit wider linguistic context,,,,,,,https://choosealicense.com/licenses/gfdl/,,,,,,,,,"BERT, RoBERTa, T5",,
camel-ai,Text,General,General,Text,"Accuracy, F1 Score",https://arxiv.org/abs/2303.17760,https://huggingface.co/datasets/camel-ai,,,,,,,,https://choosealicense.com/licenses/cc-by-nc-4.0/,,,,,,,,,"BERT, RoBERTa, T5",,
cardiffnlp,Video,Classification,General,Label,"Accuracy, F1 Score, Precision, Recall",,https://huggingface.co/datasets/cardiffnlp,,,,,,,,https://choosealicense.com/licenses/unknown/,,,,,,,,,"BERT, RoBERTa, DeBERTa, XLNet",d as multi-class tweet classification,
cassanof,,,,,,,https://huggingface.co/datasets/cassanof,,,,,,,,,,,,,,,,,,,
ccmusic-database,Audio,Classification,General,Label,"Accuracy, F1 Score, Precision, Recall",,https://huggingface.co/datasets/ccmusic-database,"Chinese, English Dataset‚Ä¶ See the full description on the dataset page: https://huggingface",,,,,,,https://choosealicense.com/licenses/mit/,,,,,,,,,"BERT, RoBERTa, DeBERTa, XLNet",,
CFPB,Text,General,General,Text,"Accuracy, F1 Score",https://www.consumerfinance.gov/data-research/consumer-complaints/,https://huggingface.co/datasets/CFPB,,,,,,,,https://choosealicense.com/licenses/cc0-1.0/,,,,,,,,,"BERT, RoBERTa, T5",,
CGIAR,,,,,,,https://huggingface.co/datasets/CGIAR,,,,,,,,https://choosealicense.com/licenses/cc-by-4.0/,,,,,,,,,,,
chaoyue7,,,,,,https://arxiv.org/abs/2404.11151,https://huggingface.co/datasets/chaoyue7,,,,,,,,https://choosealicense.com/licenses/mit/,,,,,,,,,,,
chi-vi,,,,,,,https://huggingface.co/datasets/chi-vi,,,,,,,,,,,,,,,,,,,
china-ai-law-challenge,Text,General,General,Text,"Accuracy, F1 Score",https://github.com/thunlp/CAIL/blob/master/README_en.md,https://huggingface.co/datasets/china-ai-law-challenge,,,,,,,,https://choosealicense.com/licenses/unknown/,,,,,,,,,"BERT, RoBERTa, T5",,
ChuGyouk,,,,,,,https://huggingface.co/datasets/ChuGyouk,,,,,,,,,,,,,,,,,,,
clouditera,,,,,,,https://huggingface.co/datasets/clouditera,,,,,,,,,,,,,,,,,,,
code-search-net,Text,,,,,https://wandb.ai/github/CodeSearchNet/benchmark,https://huggingface.co/datasets/code-search-net,,,,,,,,https://choosealicense.com/licenses/other/,,,,https://github.com/github/CodeSearchNet,,,,,,,
CodeKapital,,,,,,,https://huggingface.co/datasets/CodeKapital,,,,,,,,,,,,,,,,,,,
cognitivecomputations,,,,,,,https://huggingface.co/datasets/cognitivecomputations,,,,,,,,https://choosealicense.com/licenses/apache-2.0/,,,,,,,,,,,
CohereForAI,Text,Translation,General,Text,"BLEU, METEOR, TER",https://arxiv.org/abs/2412.03304,https://huggingface.co/datasets/CohereForAI,", including English",,,,,,,https://choosealicense.com/licenses/apache-2.0/,,,,,,,,,"T5, mBART, M2M100",,
community-datasets,Text,General,Document,Text,"Accuracy, F1 Score",https://knowledge-learning.github.io/ehealthkd-2020/,https://huggingface.co/datasets/community-datasets,,,,,,,,https://choosealicense.com/licenses/cc-by-nc-sa-4.0/,,,,,,,,,"BERT, RoBERTa, T5",,
conceptnet5,Text,General,General,Text,"Accuracy, F1 Score",https://github.com/commonsense/conceptnet5/wiki,https://huggingface.co/datasets/conceptnet5,,,,,,,,https://choosealicense.com/licenses/cc-by-4.0/,,,,,,,,,"BERT, RoBERTa, T5",,
convai-challenge,Text,,,,,https://github.com/DeepPavlov/convai/tree/master/2018,https://huggingface.co/datasets/convai-challenge,,,,,,,,https://choosealicense.com/licenses/unknown/,,,,,,,,,,,
corbt,,,,,,,https://huggingface.co/datasets/corbt,,,,,,,,,,,,,,,,,,,
cornell-movie-review-data,Text,Sentiment Analysis,General,Label,"Accuracy, F1 Score",http://www.cs.cornell.edu/people/pabo/movie-review-data/,https://huggingface.co/datasets/cornell-movie-review-data,,,,,,,,https://choosealicense.com/licenses/unknown/,,,,,,,,,"BERT, RoBERTa, DistilBERT",,
CraftJarvis,,,,,,https://arxiv.org/abs/2503.16365,https://huggingface.co/datasets/CraftJarvis,,,,,,,,https://choosealicense.com/licenses/mit/,,,,,,,,,,,
CUHK-CSE,Text,,,,,http://shuoyang1213.me/WIDERFACE/index.html,https://huggingface.co/datasets/CUHK-CSE,,,,,,,,https://choosealicense.com/licenses/cc-by-nc-nd-4.0/,,,,,,,,,,,
CyberNative,,,,,,,https://huggingface.co/datasets/CyberNative,,,,,,,,https://choosealicense.com/licenses/apache-2.0/,,,,,,,,,,,
czyzi0,,,,,,,https://huggingface.co/datasets/czyzi0,,,,,,,,https://choosealicense.com/licenses/cc0-1.0/,,,,,,,,,,,
daekeun-ml,,,,,,https://arxiv.org/abs/2402.13064,https://huggingface.co/datasets/daekeun-ml,,,,,,,,https://choosealicense.com/licenses/openrail/,,,,,,,,,,,
Dahoas,,,,,,,https://huggingface.co/datasets/Dahoas,,,,,,,,,,,,,,,,,,,
dair-ai,Video,General,General,Text,"Accuracy, F1 Score",https://github.com/dair-ai/emotion_dataset,https://huggingface.co/datasets/dair-ai,English,,,,,,,https://choosealicense.com/licenses/other/,,,,,,,,,"BERT, RoBERTa, T5",,
DamianBoborzi,,,,,,https://arxiv.org/abs/2503.14002,https://huggingface.co/datasets/DamianBoborzi,,,,,,,,https://choosealicense.com/licenses/apache-2.0/,,,,,,,,,,,
databricks,,,,,,https://arxiv.org/abs/2203.02155,https://huggingface.co/datasets/databricks,,,,,,,,https://choosealicense.com/licenses/cc-by-sa-3.0/,,,,,,,,,,,
DataTonic,,,,,,,https://huggingface.co/datasets/DataTonic,,,,,,,,https://choosealicense.com/licenses/mit/,,,,,,,,,,,
ag_news,Text,Classification,Scientific,Label,"Accuracy, F1 Score, Precision, Recall",http://groups.di.unipi.it/~gulli/AG_corpus_of_news_articles.html,https://huggingface.co/datasets/ag_news,,,,,,,,https://choosealicense.com/licenses/unknown/,,,,,,,,,"BERT, RoBERTa, DeBERTa, XLNet",,
amazon_polarity,Text,General,General,Text,"Accuracy, F1 Score",https://registry.opendata.aws/,https://huggingface.co/datasets/amazon_polarity,,,,,,,,https://choosealicense.com/licenses/apache-2.0/,,,,,,,,,"BERT, RoBERTa, T5",,
boolq,Text,Question Answering,General,Text,"Exact Match, F1 Score",https://github.com/huggingface/datasets/blob/master/CONTRIBUTING.md#how-to-contribute-to-the-dataset-cards,https://huggingface.co/datasets/boolq,inference tasks,,15942,,,,,https://choosealicense.com/licenses/cc-by-sa-3.0/,,,,,,,,,"BERT, RoBERTa, T5, BART",,
c4,Text,,,,,https://huggingface.co/datasets/allenai/c4,https://huggingface.co/datasets/c4,,,,,,,,https://choosealicense.com/licenses/odc-by/,,,,,,,,,,,
cifar10,Image,General,General,Text,"Accuracy, F1 Score",https://www.cs.toronto.edu/~kriz/cifar.html,https://huggingface.co/datasets/cifar10,,,,,,,,https://choosealicense.com/licenses/unknown/,,,,,,,,,"BERT, RoBERTa, T5",,
cifar100,Image,Classification,General,Label,"Accuracy, F1 Score, Precision, Recall",https://www.cs.toronto.edu/~kriz/cifar.html,https://huggingface.co/datasets/cifar100,,,,,,,,https://choosealicense.com/licenses/unknown/,,,,,,,,,"BERT, RoBERTa, DeBERTa, XLNet",,
cnn_dailymail,Text,Question Answering,General,Text,"Exact Match, F1 Score",,https://huggingface.co/datasets/cnn_dailymail,dataset containing just over 300k unique news articles as written by journalists at CNN and the Daily Mail,,,,,,,https://choosealicense.com/licenses/apache-2.0/,,,,,,,,,"BERT, RoBERTa, T5, BART",,
common_voice,Text,,,,,https://commonvoice.mozilla.org/en/datasets,https://huggingface.co/datasets/common_voice,,,,,,,,https://choosealicense.com/licenses/cc0-1.0/,,,,,,,,,,,
conceptual_captions,Image-Text,General,Scientific,Text,"Accuracy, F1 Score",https://ai.google.com/research/ConceptualCaptions/,https://huggingface.co/datasets/conceptual_captions,,,,,,,,https://choosealicense.com/licenses/other/,,,,,,,,,"BERT, RoBERTa, T5",,
conll2003,Text,,,,,https://www.aclweb.org/anthology/W03-0419/,https://huggingface.co/datasets/conll2003,,,,,,,,https://choosealicense.com/licenses/other/,,,,,,,,,,,
dbpedia_14,Text,Classification,General,Label,"Accuracy, F1 Score, Precision, Recall",https://github.com/huggingface/datasets/blob/master/CONTRIBUTING.md#how-to-contribute-to-the-dataset-cards,https://huggingface.co/datasets/dbpedia_14,,,,,,,,https://choosealicense.com/licenses/cc-by-sa-3.0/,,,20,,,,,,"BERT, RoBERTa, DeBERTa, XLNet",,
disfl_qa,Text,Question Answering,Scientific,Text,"Exact Match, F1 Score",https://github.com/google-research-datasets/disfl-qa,https://huggingface.co/datasets/disfl_qa,,,,,,,,https://choosealicense.com/licenses/cc-by-4.0/,,,,,,,,,"BERT, RoBERTa, T5, BART",,
duorc,Text,General,Scientific,Text,"Accuracy, F1 Score",https://duorc.github.io/,https://huggingface.co/datasets/duorc,dataset of questions and answers gathered from crowdsourced AMT workers on Wikipedia and IMDb movie plots,,,,,,,https://choosealicense.com/licenses/mit/,,,,,,,,,"BERT, RoBERTa, T5",,
fever,Text,General,General,Text,"Accuracy, F1 Score",https://fever.ai/,https://huggingface.co/datasets/fever,,,,,,,,https://choosealicense.com/licenses/cc-by-sa-3.0/,,,,,,,,,"BERT, RoBERTa, T5",,
glue,Text,General,General,Text,"Accuracy, F1 Score",https://gluebenchmark.com/,https://huggingface.co/datasets/glue,Understanding Evaluation benchmark (https://gluebenchmark,,,,,,,https://choosealicense.com/licenses/other/,,,,,,,,,"BERT, RoBERTa, T5",,
hatexplain,Text,,,,,,https://huggingface.co/datasets/hatexplain,,,,,,,,https://choosealicense.com/licenses/cc-by-4.0/,,,,,,,,,,,
imdb,Text,Classification,General,Label,"Accuracy, F1 Score, Precision, Recall",http://ai.stanford.edu/~amaas/data/sentiment/,https://huggingface.co/datasets/imdb,,,,,,,,https://choosealicense.com/licenses/other/,,,,,,,,,"BERT, RoBERTa, DeBERTa, XLNet",,
librispeech_asr,Text,,,,,http://www.openslr.org/12,https://huggingface.co/datasets/librispeech_asr,,,,,,,,https://choosealicense.com/licenses/cc-by-4.0/,,,,,,,,,,,
mc_taco,Text,,,,,https://cogcomp.seas.upenn.edu/page/resource_view/125,https://huggingface.co/datasets/mc_taco,,,,,,,,https://choosealicense.com/licenses/unknown/,,,,,,,,,,,
mlqa,Text,,,,,https://github.com/facebookresearch/MLQA,https://huggingface.co/datasets/mlqa,,,,,,,,https://choosealicense.com/licenses/cc-by-sa-3.0/,,,,,,,,,,,
multi_nli,Text,General,General,Text,"Accuracy, F1 Score",https://www.nyu.edu/projects/bowman/multinli/,https://huggingface.co/datasets/multi_nli,Inference (MultiNLI) corpus is a crowd-sourced collection of 433k sentence pairs annotated with textual entailment information,,,,,,,https://choosealicense.com/licenses/cc-by-3.0/,,1930,,,,,,,"BERT, RoBERTa, T5",,
narrativeqa,Text,General,Document,Text,"Accuracy, F1 Score",https://arxiv.org/abs/1712.07040,https://huggingface.co/datasets/narrativeqa,English,,,,,,,https://choosealicense.com/licenses/apache-2.0/,,,,,,,,,"BERT, RoBERTa, T5",,
natural_questions,Text,General,UI,Text,"Accuracy, F1 Score",https://ai.google.com/research/NaturalQuestions/dataset,https://huggingface.co/datasets/natural_questions,,,,,,,,https://choosealicense.com/licenses/cc-by-sa-3.0/,,,,,,,,,"BERT, RoBERTa, T5",,
newsqa,Text,,,,,https://www.microsoft.com/en-us/research/project/newsqa-dataset/,https://huggingface.co/datasets/newsqa,,,,,,,,https://choosealicense.com/licenses/mit/,,,,,,,,,,,
openbookqa,Text,Reasoning,Scientific,Text,"Accuracy, F1 Score",https://allenai.org/data/open-book-qa,https://huggingface.co/datasets/openbookqa,it is expressed in,,,,,,,https://choosealicense.com/licenses/unknown/,,,,,,,,,"T5, UnifiedQA, BART",,
para_crawl,Text,General,General,Text,"Accuracy, F1 Score",https://paracrawl.eu/releases.html,https://huggingface.co/datasets/para_crawl,s,,,,,,,https://choosealicense.com/licenses/cc0-1.0/,,,,,,,,,"BERT, RoBERTa, T5",,
piqa,Text,,,,,https://yonatanbisk.com/piqa/,https://huggingface.co/datasets/piqa,,,,,,,,https://choosealicense.com/licenses/unknown/,,,,,,,,,,,
ptb_text_only,Text,,,,,https://catalog.ldc.upenn.edu/LDC99T42,https://huggingface.co/datasets/ptb_text_only,,,,,,,,https://choosealicense.com/licenses/other/,,,,,,,,,,,
quac,Text,,,,,https://quac.ai/,https://huggingface.co/datasets/quac,,,,,,,,https://choosealicense.com/licenses/mit/,,,,,,,,,,,
ropes,Text,Reasoning,UI,Text,"Accuracy, F1 Score",https://allenai.org/data/ropes,https://huggingface.co/datasets/ropes,,,,,,,,https://choosealicense.com/licenses/cc-by-4.0/,,,,,,,,,"T5, UnifiedQA, BART",,
sbu_captions,Text,,,,,https://www.cs.rice.edu/~vo9/sbucaptions/,https://huggingface.co/datasets/sbu_captions,,,,,,,,https://choosealicense.com/licenses/unknown/,,,,,,,,,,,
sciq,Text,General,Scientific,Text,"Accuracy, F1 Score",https://allenai.org/data/sciq,https://huggingface.co/datasets/sciq,,,,,,,,https://choosealicense.com/licenses/cc-by-nc-3.0/,,,,,,,,,"BERT, RoBERTa, T5",,
scitail,Text,General,Scientific,Text,"Accuracy, F1 Score",https://allenai.org/data/scitail,https://huggingface.co/datasets/scitail,,,,,,,,,,,,,,,,,"BERT, RoBERTa, T5",,
sick,Text,,,,,http://marcobaroni.org/composes/sick.html,https://huggingface.co/datasets/sick,,,,,,,,https://choosealicense.com/licenses/cc-by-nc-sa-3.0/,,,,,,,,,,,
snli,Text,Classification,General,Label,"Accuracy, F1 Score, Precision, Recall",https://nlp.stanford.edu/projects/snli/,https://huggingface.co/datasets/snli,"inference (NLI), also known as recognizing textual entailment (RTE)",,,,,,,https://choosealicense.com/licenses/cc-by-sa-4.0/,,,,,,,,,"BERT, RoBERTa, DeBERTa, XLNet",,
squad,Text,Question Answering,General,Text,"Exact Match, F1 Score",https://rajpurkar.github.io/SQuAD-explorer/,https://huggingface.co/datasets/squad,,,,,,,,https://choosealicense.com/licenses/cc-by-sa-4.0/,,,,,,,,,"BERT, RoBERTa, T5, BART",,
sst2,Text,Sentiment Analysis,General,Label,"Accuracy, F1 Score",https://nlp.stanford.edu/sentiment/,https://huggingface.co/datasets/sst2,,,,,,,,https://choosealicense.com/licenses/unknown/,,,,,,,,,"BERT, RoBERTa, DistilBERT",,
super_glue,Text,,,,,https://super.gluebenchmark.com/,https://huggingface.co/datasets/super_glue,,,,,,,,https://choosealicense.com/licenses/other/,,,,,,,,,,,
swag,Text,Reasoning,General,Text,"Accuracy, F1 Score",https://rowanzellers.com/swag/,https://huggingface.co/datasets/swag,inference and physically grounded reasoning,,,,,,,https://choosealicense.com/licenses/unknown/,,,,,,,,,"T5, UnifiedQA, BART",,
textvqa,Text,,,,,https://textvqa.org,https://huggingface.co/datasets/textvqa,,,,,,,,https://choosealicense.com/licenses/cc-by-4.0/,,,,,,,,,,,
trec,Text,,,,,https://cogcomp.seas.upenn.edu/Data/QA/QC/,https://huggingface.co/datasets/trec,,,,,,,,https://choosealicense.com/licenses/unknown/,,,,,,,,,,,
visual_genome,Text,,,,,https://homes.cs.washington.edu/~ranjay/visualgenome/,https://huggingface.co/datasets/visual_genome,,,,,,,,https://choosealicense.com/licenses/cc-by-4.0/,,,,,,,,,,,
wikisql,Text,,,,,https://arxiv.org/abs/1709.00103,https://huggingface.co/datasets/wikisql,,,,,,,,https://choosealicense.com/licenses/unknown/,,,,,,,,,,,
wikitext,Text,General,General,Text,"Accuracy, F1 Score",https://blog.einstein.ai/the-wikitext-long-term-dependency-language-modeling-dataset/,https://huggingface.co/datasets/wikitext,modeling dataset is a collection of over 100 million tokens extracted from the set of verified Good and Featured articles on Wikipedia,,,,,,,https://choosealicense.com/licenses/cc-by-sa-3.0/,,,,,,,"d version of Penn Treebank (PTB), WikiText-2 is over 2 times larger and WikiText-103 is over 110 times larger",,"BERT, RoBERTa, T5",,
wiki_hop,Text,,,,,http://qangaroo.cs.ucl.ac.uk/,https://huggingface.co/datasets/wiki_hop,,,,,,,,https://choosealicense.com/licenses/cc-by-sa-3.0/,,,,,,,,,,,
wiki_qa,Text,Question Answering,Scientific,Text,"Exact Match, F1 Score",https://www.microsoft.com/en-us/download/details.aspx?id=52419,https://huggingface.co/datasets/wiki_qa,,,,,,,,https://choosealicense.com/licenses/other/,,,,,,,,,"BERT, RoBERTa, T5, BART",,
winogrande,Text,,,,,https://leaderboard.allenai.org/winogrande/submissions/get-started,https://huggingface.co/datasets/winogrande,,,,,,,,,,,,,,,,,,,
wmt16,Text,General,General,Text,"Accuracy, F1 Score",http://www.statmt.org/wmt16/translation-task.html,https://huggingface.co/datasets/wmt16,English,,,,,,,https://choosealicense.com/licenses/unknown/,,,,,,,,,"BERT, RoBERTa, T5",,
wnut_17,Text,,,,,http://noisy-text.github.io/2017/emerging-rare-entities.html,https://huggingface.co/datasets/wnut_17,,,,,,,,https://choosealicense.com/licenses/cc-by-4.0/,,,,,,,,,,,
xnli,Text,Classification,General,Label,"Accuracy, F1 Score, Precision, Recall",https://www.nyu.edu/projects/bowman/xnli/,https://huggingface.co/datasets/xnli,(some low-ish resource),,,,,,,,,,,,,,,,"BERT, RoBERTa, DeBERTa, XLNet",,
xquad,Text,Question Answering,General,Text,"Exact Match, F1 Score",https://github.com/deepmind/xquad,https://huggingface.co/datasets/xquad,"Spanish, German, Greek, Russian, Turkish, Arabic, Vietnamese, Thai, Chinese, and‚Ä¶ See the full description on the dataset page: https://huggingface",,,,,,,https://choosealicense.com/licenses/cc-by-sa-4.0/,,,,,,,,,"BERT, RoBERTa, T5, BART",,
xsum,Text,,,,,,https://huggingface.co/datasets/xsum,,,,,,,,https://choosealicense.com/licenses/unknown/,,,,,,,,,,,
yelp_polarity,Text,Classification,General,Label,"Accuracy, F1 Score, Precision, Recall",https://course.fast.ai/datasets,https://huggingface.co/datasets/yelp_polarity,,,,,,,,,,,,,,,,,"BERT, RoBERTa, DeBERTa, XLNet",,
declare-lab,,,,,,https://arxiv.org/abs/2402.11746,https://huggingface.co/datasets/declare-lab,,,,,,,,https://choosealicense.com/licenses/apache-2.0/,,,,,,,,,,,
deepmind,Text,General,General,Text,"Accuracy, F1 Score",https://github.com/deepmind/AQuA,https://huggingface.co/datasets/deepmind,,,,,,,,https://choosealicense.com/licenses/apache-2.0/,,,,,,,,,"BERT, RoBERTa, T5","generation model that learns to generate the explanation, while generating the program that solves the question",
deepset,,,,,,,https://huggingface.co/datasets/deepset,,,,,,,,https://choosealicense.com/licenses/apache-2.0/,,,,,,,,,,,
defunct-datasets,Text,,,,,https://arxiv.org/abs/2010.02573,https://huggingface.co/datasets/defunct-datasets,,,,,,,,https://choosealicense.com/licenses/other/,,,,,,,,,,,
Den-Intelligente-Patientjournal,,,,,,,https://huggingface.co/datasets/Den-Intelligente-Patientjournal,,,,,,,,https://choosealicense.com/licenses/cc-by-sa-3.0/,,,,,,,,,,,
docz1105,,,,,,,https://huggingface.co/datasets/docz1105,,,,,,,,https://choosealicense.com/licenses/cc-by-4.0/,,,,,,,,,,,
Dragunflie-420,,,,,,,https://huggingface.co/datasets/Dragunflie-420,,,,,,,,https://choosealicense.com/licenses/cc-by-4.0/,,,,,,,,,,,
DropletX,,,,,,https://arxiv.org/abs/2503.06053,https://huggingface.co/datasets/DropletX,,,,,,,,https://choosealicense.com/licenses/cc-by-nc-sa-4.0/,,,,,,,,,,,
ds4sd,Text,,,,,https://developer.ibm.com/exchanges/data/all/doclaynet/,https://huggingface.co/datasets/ds4sd,,,,,,,,https://choosealicense.com/licenses/other/,,,,,,,,,,,
DucHaiten,,,,,,,https://huggingface.co/datasets/DucHaiten,,,,,,,,https://choosealicense.com/licenses/creativeml-openrail-m/,,,,,,,,,,,
duongtruongbinh,,,,,,,https://huggingface.co/datasets/duongtruongbinh,,,,,,,,,,,,,,,,,,,
Duxiaoman-DI,,,,,,,https://huggingface.co/datasets/Duxiaoman-DI,,,,,,,,https://choosealicense.com/licenses/cc-by-nc-sa-4.0/,,,,,,,,,,,
dvilasuero,,,,,,,https://huggingface.co/datasets/dvilasuero,,,,,,,,,,3,,,,,,,,,
EdinburghNLP,Text,,,,,,https://huggingface.co/datasets/EdinburghNLP,,,,,,,,https://choosealicense.com/licenses/unknown/,,,,,,,,,,,
edwixx,,,,,,,https://huggingface.co/datasets/edwixx,,,,,,,,https://choosealicense.com/licenses/mit/,,,,,,,,,,,
EgorShibaev,,,,,,,https://huggingface.co/datasets/EgorShibaev,,,,,,,,,,,,,,,,,,,
Eliahu,,,,,,https://arxiv.org/abs/2503.10633,https://huggingface.co/datasets/Eliahu,,,,,,,,,,,,,,,,,,,
Elnagara,Text,General,General,Text,"Accuracy, F1 Score",https://github.com/elnagara/HARD-Arabic-Dataset,https://huggingface.co/datasets/Elnagara,Arabic,,,,,,,https://choosealicense.com/licenses/unknown/,,,,,,,,,"BERT, RoBERTa, T5",,
Embodied-Vision-Language-Model,,,,,,,https://huggingface.co/datasets/Embodied-Vision-Language-Model,,,,,,,,,,,,,,,,,,,
EmoCareAI,,,,,,,https://huggingface.co/datasets/EmoCareAI,,,,,,,,https://choosealicense.com/licenses/cc-by-nc-sa-4.0/,,,,,,,,,,,
emotone-ar-cicling2017,Video,Detection,General,Bounding Box/Mask,"mAP, IoU",,https://huggingface.co/datasets/emotone-ar-cicling2017,,,,,,,,https://choosealicense.com/licenses/unknown/,,,,,,,,,"DETR, Faster R-CNN, YOLO",,
emre,,,,,,,https://huggingface.co/datasets/emre,,,,,,,,https://choosealicense.com/licenses/afl-3.0/,,,,,,,,,,,
Enxin,,,,,,,https://huggingface.co/datasets/Enxin,,,,,,,,,,,,,,,,,,,
erenfazlioglu,,,,,,,https://huggingface.co/datasets/erenfazlioglu,,,,,,,,https://choosealicense.com/licenses/cc-by-nc-4.0/,,,,,,,,,,,
ergotts,,,,,,,https://huggingface.co/datasets/ergotts,,,,,,,,https://choosealicense.com/licenses/apache-2.0/,,,,,,,,,,,
EricLu,Text,,,,,https://arxiv.org/abs/2501.15587,https://huggingface.co/datasets/EricLu,,,,,,,,https://choosealicense.com/licenses/cc-by-nc-sa-4.0/,,,,,,,,,,,
eriktks,Text,,,,,https://www.aclweb.org/anthology/W03-0419/,https://huggingface.co/datasets/eriktks,,,,,,,,https://choosealicense.com/licenses/other/,,,,,,,,,,,
ethz,Image,General,General,Text,"Accuracy, F1 Score",https://data.vision.ee.ethz.ch/cvl/datasets_extra/food-101/,https://huggingface.co/datasets/ethz,,,,,,,,https://choosealicense.com/licenses/unknown/,,,,,,,"d, and thus still contain some amount of noise",,"BERT, RoBERTa, T5",,
EunsuKim,,,,,,,https://huggingface.co/datasets/EunsuKim,,,,,,,,,,,,,,,,,,,
facebook,Audio,General,Scientific,Text,"Accuracy, F1 Score",http://www.openslr.org/94,https://huggingface.co/datasets/facebook,"- English, German, Dutch, Spanish, French, Italian, Portuguese, Polish",,,,,,,https://choosealicense.com/licenses/cc-by-4.0/,,,,https://github.com/huggingface/transformers/tree/main/examples/pytorch/speech-recognition,,,,,"BERT, RoBERTa, T5",,
fajrikoto,Text,,,,,https://indolem.github.io/,https://huggingface.co/datasets/fajrikoto,,,,,,,,https://choosealicense.com/licenses/unknown/,,,,,,,,,,,
fancyzhx,Text,General,General,Text,"Accuracy, F1 Score",https://registry.opendata.aws/,https://huggingface.co/datasets/fancyzhx,,,,,,,,https://choosealicense.com/licenses/apache-2.0/,,,,,,,,,"BERT, RoBERTa, T5",,
FanqingM,,,,,,,https://huggingface.co/datasets/FanqingM,,,,,,,,,,,,,,,,,,,
fatdove,,,,,,https://arxiv.org/abs/2503.11930,https://huggingface.co/datasets/fatdove,,,,,,,,https://choosealicense.com/licenses/mit/,,,,,,,,,,,
fibonacciai,,,,,,,https://huggingface.co/datasets/fibonacciai,,,,,,,,https://choosealicense.com/licenses/apache-2.0/,,,,,,,,,,,
finetrainers,,,,,,,https://huggingface.co/datasets/finetrainers,,,,,,,,,,,,,,,,,,,
FinLang,,,,,,,https://huggingface.co/datasets/FinLang,,,,,,,,https://choosealicense.com/licenses/cc-by-nc-4.0/,,,,,,,,,,,
fireblade2534,,,,,,,https://huggingface.co/datasets/fireblade2534,,,,,,,,https://choosealicense.com/licenses/apache-2.0/,,,,,,,,,,,
FiscalNote,Text,Summarization,General,Text,"ROUGE, BLEU, BERTScore",https://github.com/FiscalNote/BillSum,https://huggingface.co/datasets/FiscalNote,,,,,,,,https://choosealicense.com/licenses/cc0-1.0/,,,,,,,,,"BART, T5, Pegasus, ProphetNet",,
flaviagiammarino,Text,,,,,https://arxiv.org/abs/2003.10286,https://huggingface.co/datasets/flaviagiammarino,,,,,,,,https://choosealicense.com/licenses/mit/,,,,,,,,,,,
Flmc,,,,,,,https://huggingface.co/datasets/Flmc,,,,,,,,https://choosealicense.com/licenses/apache-2.0/,,,,,,,,,,,
foreverbeliever,,,,,,https://arxiv.org/abs/2402.09181,https://huggingface.co/datasets/foreverbeliever,,,,,,,,,,,,,,,,,,,
FreedomIntelligence,,,,,,https://arxiv.org/abs/2412.18925,https://huggingface.co/datasets/FreedomIntelligence,,,,,,,,https://choosealicense.com/licenses/apache-2.0/,,,,,,,,,,,
frp94,,,,,,,https://huggingface.co/datasets/frp94,,,,,,,,,,,,,,,,,,,
furusu,,,,,,,https://huggingface.co/datasets/furusu,,,,,,,,,,,,,,,,,,,
gaia-benchmark,,,,,,https://arxiv.org/abs/2311.12983,https://huggingface.co/datasets/gaia-benchmark,,,,,,,,,,,,,,,,,,,
GAIR,,,,,,https://arxiv.org/abs/2305.11206,https://huggingface.co/datasets/GAIR,,,,,,,,https://choosealicense.com/licenses/other/,,,,,,,,,,,
Gen-Verse,,,,,,https://arxiv.org/abs/2503.13435,https://huggingface.co/datasets/Gen-Verse,,,,,,,,https://choosealicense.com/licenses/unknown/,,,,,,,,,,,
GeneralReasoning,,,,,,,https://huggingface.co/datasets/GeneralReasoning,,,,,,,,https://choosealicense.com/licenses/mit/,,,,,,,,,,,
gililior,,,,,,https://arxiv.org/abs/2503.06573,https://huggingface.co/datasets/gililior,,,,,,,,https://choosealicense.com/licenses/apache-2.0/,,,,,,,,,,,
glaiveai,,,,,,,https://huggingface.co/datasets/glaiveai,,,,,,,,,,,,,,,,,,,
gneubig,Text,General,General,Text,"Accuracy, F1 Score",,https://huggingface.co/datasets/gneubig,,,,,,,,https://choosealicense.com/licenses/cc0-1.0/,,,,,,,,,"BERT, RoBERTa, T5",,
google-research-datasets,Video,General,General,Text,"Accuracy, F1 Score",https://github.com/google-research/google-research/tree/master/goemotions,https://huggingface.co/datasets/google-research-datasets,,,,,,,,https://choosealicense.com/licenses/apache-2.0/,,,,,,,,,"BERT, RoBERTa, T5",,
google,,,,,,https://arxiv.org/abs/2502.12301,https://huggingface.co/datasets/google,,,,,,,,https://choosealicense.com/licenses/cc-by-4.0/,,,,,,,,,,,
Gourieff,,,,,,,https://huggingface.co/datasets/Gourieff,,,,,,,,https://choosealicense.com/licenses/mit/,,,,https://github.com/sczhou/CodeFormer,,,,,,,
gpt-omni,,,,,,,https://huggingface.co/datasets/gpt-omni,,,,,,,,https://choosealicense.com/licenses/apache-2.0/,,,,,,,,,,,
GPUMODE,,,,,,,https://huggingface.co/datasets/GPUMODE,,,,,,,,https://choosealicense.com/licenses/mit/,,,,,,,,,,,
greengerong,,,,,,,https://huggingface.co/datasets/greengerong,,,,,,,,https://choosealicense.com/licenses/mit/,,,,,,,,,,,
gretelai,,,,,,https://arxiv.org/abs/2306.05685,https://huggingface.co/datasets/gretelai,,,,,,,,https://choosealicense.com/licenses/apache-2.0/,,,,,,,,,,,
Gryphe,,,,,,,https://huggingface.co/datasets/Gryphe,,,,,,,,https://choosealicense.com/licenses/apache-2.0/,,,,,,,,,,,
Gustavosta,,,,,,,https://huggingface.co/datasets/Gustavosta,,,,,,,,https://choosealicense.com/licenses/unknown/,,,,,,,,,,,
hadyelsahar,Text,Sentiment Analysis,General,Label,"Accuracy, F1 Score",https://github.com/hadyelsahar/large-arabic-sentiment-analysis-resouces,https://huggingface.co/datasets/hadyelsahar,,,,,,,,https://choosealicense.com/licenses/unknown/,,,,,,,,,"BERT, RoBERTa, DistilBERT",,
halabi2016,Text,,,,,http://en.arabicspeechcorpus.com/,https://huggingface.co/datasets/halabi2016,,,,,,,,https://choosealicense.com/licenses/cc-by-4.0/,,,,,,,,,,,
hamim-87,,,,,,,https://huggingface.co/datasets/hamim-87,,,,,,,,,,,,,,,,,,,
haonan3,,,,,,,https://huggingface.co/datasets/haonan3,,,,,,,,https://choosealicense.com/licenses/apache-2.0/,,,,,,,,,,,
Harvard,Text,,,,,https://arxiv.org/abs/1509.00685,https://huggingface.co/datasets/Harvard,,,,,,,,https://choosealicense.com/licenses/mit/,,,,,,,,,,,
Helsinki-NLP,Text,,,,,http://opus.nlpl.eu/bible-uedin.php,https://huggingface.co/datasets/Helsinki-NLP,,,,,,,,https://choosealicense.com/licenses/cc0-1.0/,,,,,,,,,,,
hendrycks,Text,,,,,https://github.com/hendrycks/math,https://huggingface.co/datasets/hendrycks,,,,,,,,https://choosealicense.com/licenses/mit/,,,,,,,,,,,
hfl,,,,,,,https://huggingface.co/datasets/hfl,,,,,,,,https://choosealicense.com/licenses/apache-2.0/,,,,,,,,,,,
hishab,,,,,,https://arxiv.org/abs/2502.11187,https://huggingface.co/datasets/hishab,,,,,,,,https://choosealicense.com/licenses/cc-by-4.0/,,,,,,,,,,,
hiyouga,,,,,,,https://huggingface.co/datasets/hiyouga,,,,,,,,https://choosealicense.com/licenses/mit/,,,,,,,,,,,
HKUSTAudio,,,,,,https://arxiv.org/abs/2502.04128,https://huggingface.co/datasets/HKUSTAudio,,,,,,,,https://choosealicense.com/licenses/cc-by-nc-nd-4.0/,,,,,,,,,,,
hotpotqa,Text,,,,,https://hotpotqa.github.io/,https://huggingface.co/datasets/hotpotqa,,,,,,,,https://choosealicense.com/licenses/cc-by-sa-4.0/,,,,,,,,,,,
huggan,,,,,,,https://huggingface.co/datasets/huggan,,,,,,,,https://choosealicense.com/licenses/cc0-1.0/,,,,,,,,,,,
HuggingFaceFW,,,,,,https://arxiv.org/abs/2406.17557,https://huggingface.co/datasets/HuggingFaceFW,,,,,,,,https://choosealicense.com/licenses/odc-by/,,,,,,,,,,,
HuggingFaceH4,,,,,,,https://huggingface.co/datasets/HuggingFaceH4,,,,,,,,,,,,,,,,,,,
HuggingFaceM4,,,,,,https://arxiv.org/abs/1603.07396,https://huggingface.co/datasets/HuggingFaceM4,,,,,,,,,,,,,,,,,,,
HuggingFaceTB,,,,,,https://arxiv.org/abs/2402.19173,https://huggingface.co/datasets/HuggingFaceTB,,,,,,,,,,,,,,,,,,,
huuuyeah,,,,,,https://arxiv.org/abs/2305.17529,https://huggingface.co/datasets/huuuyeah,,,,,,,,https://choosealicense.com/licenses/cc-by-nc-sa-4.0/,,,,,,,,,,,
iamollas,Text,,,,,https://github.com/intelligence-csd-auth-gr/Ethos-Hate-Speech-Dataset,https://huggingface.co/datasets/iamollas,,,,,,,,https://choosealicense.com/licenses/agpl-3.0/,,,,,,,,,,,
iamtarun,,,,,,,https://huggingface.co/datasets/iamtarun,,,,,,,,,,,,,,,,,,,
ibm-research,,,,,,https://arxiv.org/abs/2502.12342,https://huggingface.co/datasets/ibm-research,,,,,,,,https://choosealicense.com/licenses/cdla-permissive-2.0/,,,,,,,,,,,
Idavidrein,,,,,,https://arxiv.org/abs/2311.12022,https://huggingface.co/datasets/Idavidrein,,,,,,,,https://choosealicense.com/licenses/cc-by-4.0/,,,,,,,,,,,
ignatius,Text,,,,,,https://huggingface.co/datasets/ignatius,,,,,,,,https://choosealicense.com/licenses/unknown/,,,,,,,,,,,
ILSVRC,Text,,,,,https://image-net.org/index.php,https://huggingface.co/datasets/ILSVRC,,,,,,,,https://choosealicense.com/licenses/other/,,,,,,,,,,,
InfImagine,Text,,,,,http://sentry.infimagine.com/,https://huggingface.co/datasets/InfImagine,,,,,,,38.7%,https://choosealicense.com/licenses/apache-2.0/,,,,,,,,,,,
internlm,,,,,,https://arxiv.org/abs/2403.12881,https://huggingface.co/datasets/internlm,,,,,,,,https://choosealicense.com/licenses/apache-2.0/,,,,,,,,,,,
JackGao,,,,,,,https://huggingface.co/datasets/JackGao,,,,,,,,https://choosealicense.com/licenses/apache-2.0/,,,,,,,,,,,
jackyhate,,,,,,,https://huggingface.co/datasets/jackyhate,,,,,,,,https://choosealicense.com/licenses/mit/,,,,,,,,,,,
JailbreakV-28K,,,,,,https://arxiv.org/abs/2404.03027,https://huggingface.co/datasets/JailbreakV-28K,,,,,,,,https://choosealicense.com/licenses/mit/,,,,,,,,,,,
jaredfern,Text,General,General,Text,"Accuracy, F1 Score",,https://huggingface.co/datasets/jaredfern,,,,,,,,https://choosealicense.com/licenses/odc-by/,,,,,,,,,"BERT, RoBERTa, T5",,
jaydeyoung,Text,,,,,http://evidence-inference.ebm-nlp.com/,https://huggingface.co/datasets/jaydeyoung,,,,,,,,https://choosealicense.com/licenses/mit/,,,,,,,,,,,
JeffreyXiang,,,,,,https://arxiv.org/abs/2412.01506,https://huggingface.co/datasets/JeffreyXiang,,,,,,,,https://choosealicense.com/licenses/mit/,,,,,,,,,,,
jhu-clsp,Audio,General,General,Text,"Accuracy, F1 Score",,https://huggingface.co/datasets/jhu-clsp,pairs,1000 GB,,,,,,https://choosealicense.com/licenses/mit/,,,,,,,,,"BERT, RoBERTa, T5",,
jiacheng-ye,,,,,,,https://huggingface.co/datasets/jiacheng-ye,,,,,,,,,,,,,,,,,,,
Jiayi-Pan,,,,,,,https://huggingface.co/datasets/Jiayi-Pan,,,,,,,,,,,,,,,,,,,
JinaLeejnl,,,,,,https://arxiv.org/abs/2503.17003,https://huggingface.co/datasets/JinaLeejnl,,,,,,,,https://choosealicense.com/licenses/mit/,,,,,,,,,,,
jing-bi,,,,,,https://arxiv.org/abs/2503.11557,https://huggingface.co/datasets/jing-bi,,,,,,,,https://choosealicense.com/licenses/mit/,,,,,,,,,,,
jingyaogong,,,,,,,https://huggingface.co/datasets/jingyaogong,,,,,,,,,,,,,,,,,,,
jmhb,,,,,,https://arxiv.org/abs/2503.13399,https://huggingface.co/datasets/jmhb,,,,,,,,https://choosealicense.com/licenses/cc-by-sa-4.0/,,,,,,,,,,,
Jofthomas,,,,,,,https://huggingface.co/datasets/Jofthomas,,,,,,,,,,,,,,,,,,,
Josephgflowers,,,,,,,https://huggingface.co/datasets/Josephgflowers,,,,,,,,https://choosealicense.com/licenses/apache-2.0/,,1930,,,,,,,,,
joujiboi,,,,,,,https://huggingface.co/datasets/joujiboi,,,,,,,,https://choosealicense.com/licenses/gpl/,,,,,,,,,,,
jsm0424,,,,,,,https://huggingface.co/datasets/jsm0424,,,,,,,,https://choosealicense.com/licenses/cc-by-4.0/,,,,,,,,,,,
jtatman,,,,,,,https://huggingface.co/datasets/jtatman,,,,,,,,https://choosealicense.com/licenses/mit/,,,,,,,,,,,
Jzuluaga,Audio,General,General,Text,"Accuracy, F1 Score",https://www.spsc.tugraz.at/databases-and-tools/atcosim-air-traffic-control-simulation-speech-corpus.html,https://huggingface.co/datasets/Jzuluaga,and pronounced by ten non-native‚Ä¶ See the full description on the dataset page: https://huggingface,,,,,,,,,,,,,,,,"BERT, RoBERTa, T5",,"of speech data, which were recorded during ATC real-time simulations using a close-talk headset microphone"
kaist-ai,Text,,,,,,https://huggingface.co/datasets/kaist-ai,,,,,,,,https://choosealicense.com/licenses/cc-by-4.0/,,,2009,,,,,,,,
katha-ai-iiith,,,,,,,https://huggingface.co/datasets/katha-ai-iiith,,,,,,,,https://choosealicense.com/licenses/cc-by-nc-sa-4.0/,,,,,,,,,,,
kaysss,,,,,,,https://huggingface.co/datasets/kaysss,,,,,,,,https://choosealicense.com/licenses/mit/,,,,,,,,,,,
KbsdJames,,,,,,https://arxiv.org/abs/2410.07985,https://huggingface.co/datasets/KbsdJames,,,,,,,,https://choosealicense.com/licenses/apache-2.0/,,,,,,,,,,,
kchawla123,Text,General,UI,Text,"Accuracy, F1 Score",,https://huggingface.co/datasets/kchawla123,,,,,,,,https://choosealicense.com/licenses/cc-by-4.0/,,,,,,,,,"BERT, RoBERTa, T5",,
Kedreamix,,,,,,,https://huggingface.co/datasets/Kedreamix,,,,,,,,https://choosealicense.com/licenses/apache-2.0/,,,,,,,,,,,
kellycyy,,,,,,https://arxiv.org/abs/2410.02683,https://huggingface.co/datasets/kellycyy,,,,,,,,https://choosealicense.com/licenses/cc-by-4.0/,,,,,,,,,,,
kikikara,,,,,,,https://huggingface.co/datasets/kikikara,,,,,,,,https://choosealicense.com/licenses/apache-2.0/,,,,,,,,,,,
KingdomFor,,,,,,,https://huggingface.co/datasets/KingdomFor,,,,,,,,https://choosealicense.com/licenses/apache-2.0/,,,,,,,,,,,
kingkaung,,,,,,,https://huggingface.co/datasets/kingkaung,,,,,,,,https://choosealicense.com/licenses/cc-by-nc-4.0/,,,,,,,,,,,
kkChimmy,Text,General,General,Text,"Accuracy, F1 Score",,https://huggingface.co/datasets/kkChimmy,"Models (LLMs), such as GPT-like models, have transformed industries and everyday life, creating significant societal impact",,,,,,,https://choosealicense.com/licenses/mit/,,,,,,,,,"BERT, RoBERTa, T5",,
knoveleng,,,,,,https://arxiv.org/abs/2503.16219,https://huggingface.co/datasets/knoveleng,,,,,,,,https://choosealicense.com/licenses/mit/,,,,,,,,,,,
Koala-36M,,,,,,,https://huggingface.co/datasets/Koala-36M,,,,,,,,,,,,,,,,,,,
KodCode,,,,,,https://arxiv.org/abs/2503.02951,https://huggingface.co/datasets/KodCode,,,,,,,,https://choosealicense.com/licenses/cc-by-nc-4.0/,,,,https://github.com/KodCode-AI/kodcode,,"süßê Other Informationüìö Citationüê± KodCode: A Diverse, Challenging, and Verifiable Synthetic Dataset for CodingKodCode is the largest fully-synthetic open-source dataset providing verifiable solutions and tests for coding tasks",,,,,
ktiyab,,,,,,,https://huggingface.co/datasets/ktiyab,,,,,,,,https://choosealicense.com/licenses/cc-by-4.0/,,,,,,,,,,,
kyutai,Text,,,,,https://arxiv.org/abs/2503.15633,https://huggingface.co/datasets/kyutai,,,,,,,,https://choosealicense.com/licenses/cc-by-4.0/,,,,,,"Loading the datasetLicensingCitationBabillageBabillage is a multimodal benchmark dataset introduced along withMoshiVis(Project Page|arXiv), containing three common vision-language benchmarks converted in spoken form, for the evaluation of Vision Speech Models",,,,,
laion,,,,,,,https://huggingface.co/datasets/laion,,,,,,,,,,,,,,,,,,,
LAMDA-NeSy,,,,,,https://arxiv.org/abs/2412.13682,https://huggingface.co/datasets/LAMDA-NeSy,,,,,,,,https://choosealicense.com/licenses/cc-by-nc-sa-4.0/,,,,,,,,,,,
larryvrh,,,,,,,https://huggingface.co/datasets/larryvrh,,,,,,,,,,,,,,,,,,,
Laxhar,,,,,,,https://huggingface.co/datasets/Laxhar,,,,,,,,https://choosealicense.com/licenses/apache-2.0/,,,,,,,,,,,
legacy-datasets,Text,,,,,https://dumps.wikimedia.org,https://huggingface.co/datasets/legacy-datasets,,,,,,,,https://choosealicense.com/licenses/cc-by-sa-3.0/,,,,,,,,,,,
Leo-D-M-Appourchaux,,,,,,,https://huggingface.co/datasets/Leo-D-M-Appourchaux,,,,,,,,https://choosealicense.com/licenses/mit/,,,,,,,,,,,
lewy666,,,,,,,https://huggingface.co/datasets/lewy666,,,,,,,,,,,,,,,,,,,
li-lab,,,,,,https://arxiv.org/abs/2503.10497,https://huggingface.co/datasets/li-lab,,,,,,,,https://choosealicense.com/licenses/mit/,,,,,,,,,,,
li2017dailydialog,Text,,,,,http://yanran.li/dailydialog,https://huggingface.co/datasets/li2017dailydialog,,,,,,,,https://choosealicense.com/licenses/cc-by-nc-sa-4.0/,,,,,,,,,,,
lianghsun,Text,Classification,General,Label,"Accuracy, F1 Score, Precision, Recall",,https://huggingface.co/datasets/lianghsun,,,,,,,,https://choosealicense.com/licenses/cc-by-nc-4.0/,,,,,,,,,"BERT, RoBERTa, DeBERTa, XLNet",,
liangyupu,,,,,,,https://huggingface.co/datasets/liangyupu,,,,,,,,https://choosealicense.com/licenses/mit/,,,,,,,,,,,
lightblue,,,,,,,https://huggingface.co/datasets/lightblue,,,,,,,,https://choosealicense.com/licenses/apache-2.0/,,,,,,,,,,,
Lightricks,,,,,,,https://huggingface.co/datasets/Lightricks,,,,,,,,,,,,,,,,,,,
LingoIITGN,,,,,,,https://huggingface.co/datasets/LingoIITGN,,,,,,,,https://choosealicense.com/licenses/cc-by-4.0/,,,,https://github.com/sagorbrur/codeswitch,,,,,,,
liuhaotian,,,,,,,https://huggingface.co/datasets/liuhaotian,,,,,,,,https://choosealicense.com/licenses/cc-by-4.0/,,,,,,,,,,,
liuxuannan,,,,,,,https://huggingface.co/datasets/liuxuannan,,,,,,,,https://choosealicense.com/licenses/cc-by-4.0/,,,,,,,,,,,
livecodebench,,,,,,https://arxiv.org/abs/2403.07974,https://huggingface.co/datasets/livecodebench,,,,,,,,https://choosealicense.com/licenses/cc/,,,,https://github.com/LiveCodeBench/LiveCodeBench,,,,,,,
LLM-Tuning-Safety,,,,,,https://arxiv.org/abs/2310.03693,https://huggingface.co/datasets/LLM-Tuning-Safety,,,,,,,,https://choosealicense.com/licenses/other/,,,,,,,,,,,
lmg-anon,,,,,,,https://huggingface.co/datasets/lmg-anon,,,,,,,,,,,,,,,,,,,
lmms-lab,,,,,,https://arxiv.org/abs/2410.02713,https://huggingface.co/datasets/lmms-lab,,,,,,,,,,,,,,,,,,,
lmsys,,,,,,https://arxiv.org/abs/2306.05685,https://huggingface.co/datasets/lmsys,,,,,,,,https://choosealicense.com/licenses/cc/,,,,,,,,,,,
Locutusque,,,,,,,https://huggingface.co/datasets/Locutusque,,,,,,,,,,,,,,,,,,,
LooksJuicy,,,,,,,https://huggingface.co/datasets/LooksJuicy,,,,,,,,https://choosealicense.com/licenses/apache-2.0/,,,,,,,,,,,
Luckyjhg,,,,,,,https://huggingface.co/datasets/Luckyjhg,,,,,,,,,,,,,,,,,,,
lukebarousse,,,,,,,https://huggingface.co/datasets/lukebarousse,,,,,,,,https://choosealicense.com/licenses/apache-2.0/,,,,,,,,,,,
m-a-p,,,,,,,https://huggingface.co/datasets/m-a-p,,,,,,,,https://choosealicense.com/licenses/apache-2.0/,,,,,,,,,,,
MaartenGr,,,,,,,https://huggingface.co/datasets/MaartenGr,,,,,,,,https://choosealicense.com/licenses/mit/,,,,,,,,,,,
madebyollin,,,,,,https://arxiv.org/abs/2310.16825,https://huggingface.co/datasets/madebyollin,,,,,,,,https://choosealicense.com/licenses/mit/,,,,,,,,,,,
madrylab,Text,General,General,Text,"Accuracy, F1 Score",http://platinum-bench.csail.mit.edu/,https://huggingface.co/datasets/madrylab,,,,,,,,https://choosealicense.com/licenses/cc-by-sa-4.0/,,,,,,,,,"BERT, RoBERTa, T5",,
magic-mirror,,,,,,,https://huggingface.co/datasets/magic-mirror,,,,,,,,,,,,,,,,,,,
Magpie-Align,,,,,,https://arxiv.org/abs/2406.08464,https://huggingface.co/datasets/Magpie-Align,,,,,,,,https://choosealicense.com/licenses/llama3.1/,,,,,,,,,,,
MahmoodLab,,,,,,https://arxiv.org/abs/2406.16192,https://huggingface.co/datasets/MahmoodLab,,,,,,,,https://choosealicense.com/licenses/cc-by-nc-sa-4.0/,,,,,,,,,,,
Maitreya152,,,,,,,https://huggingface.co/datasets/Maitreya152,,,,,,,,https://choosealicense.com/licenses/mit/,,,,,,,,,,,
MALIBA-AI,,,,,,,https://huggingface.co/datasets/MALIBA-AI,,,,,,,,https://choosealicense.com/licenses/apache-2.0/,,,,,,,,,,,
mandarjoshi,Text,General,Document,Text,"Accuracy, F1 Score",http://nlp.cs.washington.edu/triviaqa/,https://huggingface.co/datasets/mandarjoshi,,,,,,,,https://choosealicense.com/licenses/unknown/,,,,,,,,,"BERT, RoBERTa, T5",,
mangopy,,,,,,https://arxiv.org/abs/2503.01763,https://huggingface.co/datasets/mangopy,,,,,,,,,,,,,,,,,,,
math-eval,Text,General,General,Text,"Accuracy, F1 Score",,https://huggingface.co/datasets/math-eval,"created by TAL Education Group, each consisting of 5K questions(3K training and 2K testing)",,,,,,,https://choosealicense.com/licenses/mit/,,,,,,,,,"BERT, RoBERTa, T5",,
MatthiasPicard,,,,,,,https://huggingface.co/datasets/MatthiasPicard,,,,,,,,,,,,,,,,,,,
Maxwell-Jia,,,,,,,https://huggingface.co/datasets/Maxwell-Jia,,,,,,,,https://choosealicense.com/licenses/mit/,,,,,,,,,,,
MaziyarPanahi,,,,,,,https://huggingface.co/datasets/MaziyarPanahi,,,,,,,,,,,0,,,,,,,,
McAuley-Lab,,,,,,https://arxiv.org/abs/2403.03952,https://huggingface.co/datasets/McAuley-Lab,,,,,,,,,,,,,,,,,,,
megagonlabs,,,,,,https://arxiv.org/abs/2412.18702,https://huggingface.co/datasets/megagonlabs,,,,,,,,https://choosealicense.com/licenses/apache-2.0/,,,,,,,,,,,
meta-llama,,,,,,,https://huggingface.co/datasets/meta-llama,,,,,,,,https://choosealicense.com/licenses/llama3.3/,,,,,,,,,,,
meta-math,,,,,,https://arxiv.org/abs/2309.12284,https://huggingface.co/datasets/meta-math,,,,,,,,https://choosealicense.com/licenses/mit/,,,,,,,,,,,
mevsg,Text,General,Document,Text,"Accuracy, F1 Score",,https://huggingface.co/datasets/mevsg,),,,,,,,,,,,,,,,,"BERT, RoBERTa, T5",,
mhardalov,Text,Question Answering,Scientific,Text,"Exact Match, F1 Score",https://arxiv.org/abs/2011.03080,https://huggingface.co/datasets/mhardalov,", covering 8 language families and 24 school subjects from Natural Sciences and Social Sciences, among others",,,,,,,https://choosealicense.com/licenses/cc-by-sa-4.0/,,,,,,,,,"BERT, RoBERTa, T5, BART",,
microsoft,,,,,,,https://huggingface.co/datasets/microsoft,,,,,,,,https://choosealicense.com/licenses/cc-by-4.0/,,,,,,,,,,,
Mielikki,,,,,,,https://huggingface.co/datasets/Mielikki,,,,,,,,,,,,,,,,,,,
Minami-su,,,,,,,https://huggingface.co/datasets/Minami-su,,,,,,,,,,,,,,,,,,,
ministere-culture,,,,,,,https://huggingface.co/datasets/ministere-culture,,,,,,,,https://choosealicense.com/licenses/etalab-2.0/,,,,,,,,,,,
mistralai,,,,,,https://arxiv.org/abs/2410.07073,https://huggingface.co/datasets/mistralai,,,,,,,,,,,,,,,,,,,
mkhLlamaLearn,,,,,,,https://huggingface.co/datasets/mkhLlamaLearn,,,,,,,,,,,,,,,,,,,
mlabonne,,,,,,,https://huggingface.co/datasets/mlabonne,,,,,,,,,,,,,,,,,,,
MLCommons,Audio,General,General,Text,"Accuracy, F1 Score",https://mlcommons.org/en/peoples-speech/,https://huggingface.co/datasets/MLCommons,with a diverse set of speakers,,,,,,,https://choosealicense.com/licenses/cc-by-2.0/,,,,,,,,,"BERT, RoBERTa, T5",,of transcribed speech in English languages with a diverse set of speakers
mlfoundations,,,,,,https://arxiv.org/abs/2406.11794,https://huggingface.co/datasets/mlfoundations,,,,,,,,https://choosealicense.com/licenses/cc-by-4.0/,,,4,,,,,,,,
MMInstruction,Image-Text,Detection,General,Bounding Box/Mask,"mAP, IoU",https://arxiv.org/abs/2411.17451,https://huggingface.co/datasets/MMInstruction,"generative reward models (VL-GenRMs) across visual perception, hallucination detection, and reasoning tasks",,,,,,,https://choosealicense.com/licenses/mit/,,,,,,,,,"DETR, Faster R-CNN, YOLO",,
mozilla-ai,,,,,,,https://huggingface.co/datasets/mozilla-ai,,,,,,,,,,,,,,,,,,,
mozilla-foundation,Audio,General,General,Text,"Accuracy, F1 Score",https://commonvoice.mozilla.org/en/datasets,https://huggingface.co/datasets/mozilla-foundation,", but more voices and languages are always added",,,,,,,https://choosealicense.com/licenses/cc0-1.0/,,,,https://github.com/huggingface/transformers/tree/main/examples/pytorch/speech-recognition,,,,"metadata like age, sex, and accent that can help improve the accuracy of speech recognition engines","BERT, RoBERTa, T5",,"in the dataset also include demographic metadata like age, sex, and accent that can help improve the accuracy of speech recognition engines"
MRAMG,,,,,,https://arxiv.org/abs/2502.04176,https://huggingface.co/datasets/MRAMG,,,,,,,,https://choosealicense.com/licenses/apache-2.0/,,,,,,,,,,,
naver-clova-ix,,,,,,,https://huggingface.co/datasets/naver-clova-ix,,,,,,,,https://choosealicense.com/licenses/cc-by-4.0/,,,,,,,,,,,
ncbi,Text,,,,,,https://huggingface.co/datasets/ncbi,,,,,,,,https://choosealicense.com/licenses/other/,,,,,,,,,,,
nebhailema,,,,,,,https://huggingface.co/datasets/nebhailema,,,,,,,,https://choosealicense.com/licenses/apache-2.0/,,,,,,,,,,,
nebius,Text,General,General,Text,"Accuracy, F1 Score",,https://huggingface.co/datasets/nebius,,,,,,,,https://choosealicense.com/licenses/cc-by-4.0/,,,,,,,,,"BERT, RoBERTa, T5","work, using various models as action generators",
Neph0s,,,,,,https://arxiv.org/abs/2502.09082,https://huggingface.co/datasets/Neph0s,,,,,,,,https://choosealicense.com/licenses/mit/,,,,,,"Safety ConsiderationsCitationCoSER DatasetOverviewCoSER is a high-quality dataset for role-playing LLMs, sourced from 771 renowned novels",,,,,
neural-bridge,Text,General,General,Text,"Accuracy, F1 Score",,https://huggingface.co/datasets/neural-bridge,models (LLMs) by allowing them to consult an external authoritative knowledge base before generating responses,,,,,,,https://choosealicense.com/licenses/apache-2.0/,,,,,,,,,"BERT, RoBERTa, T5",,
nguha,Text,,,,,https://arxiv.org/abs/2308.11462,https://huggingface.co/datasets/nguha,,,,,,,,https://choosealicense.com/licenses/other/,,,,,,,,,,,
ngxson,,,,,,,https://huggingface.co/datasets/ngxson,,,,,,,,,,,,,,,,,,,
nilc-nlp,Text,General,General,Text,"Accuracy, F1 Score",https://sites.google.com/view/assin2,https://huggingface.co/datasets/nilc-nlp,,,,,,,,https://choosealicense.com/licenses/unknown/,,,,,,,,,"BERT, RoBERTa, T5",,
Nitral-AI,,,,,,,https://huggingface.co/datasets/Nitral-AI,,,,,,,,https://choosealicense.com/licenses/other/,,,,,,,,,,,
nkp37,,,,,,https://arxiv.org/abs/2407.02371,https://huggingface.co/datasets/nkp37,,,,,,,,https://choosealicense.com/licenses/cc-by-4.0/,,,,,,,,,,,
NLP-AUEB,Text,,,,,http://nlp.cs.aueb.gr/software_and_datasets/EURLEX57K/,https://huggingface.co/datasets/NLP-AUEB,,,,,,,,https://choosealicense.com/licenses/cc-by-sa-4.0/,,,,,,,,,,,
nlpaueb,Text,,,,,http://nlp.cs.aueb.gr/,https://huggingface.co/datasets/nlpaueb,,,,,,,,,,,,,,,,,,,
NortheasternUniversity,Text,,,,,https://evasharma.github.io/bigpatent/,https://huggingface.co/datasets/NortheasternUniversity,,,,,,,,https://choosealicense.com/licenses/cc-by-4.0/,,,,,,,,,,,
NousResearch,,,,,,,https://huggingface.co/datasets/NousResearch,,,,,,,,https://choosealicense.com/licenses/apache-2.0/,,,,,,,,,,,
nvidia,,,,,,https://arxiv.org/abs/2404.09432,https://huggingface.co/datasets/nvidia,,,,,,,,,,,,,,,,,,,
nyu-mll,Text,General,General,Text,"Accuracy, F1 Score",https://gluebenchmark.com/,https://huggingface.co/datasets/nyu-mll,Understanding Evaluation benchmark (https://gluebenchmark,,,,,,,https://choosealicense.com/licenses/other/,,,,,,,,,"BERT, RoBERTa, T5",,
nyuuzyou,Text,General,General,Text,"Accuracy, F1 Score",,https://huggingface.co/datasets/nyuuzyou,The dataset is primarily in English,,,,,,,https://choosealicense.com/licenses/cc0-1.0/,,,,,,,,,"BERT, RoBERTa, T5",,
O1-OPEN,,,,,,,https://huggingface.co/datasets/O1-OPEN,,,,,,,,https://choosealicense.com/licenses/apache-2.0/,,,,,,,,,,,
odegiber,Text,,,,,https://github.com/Vicomtech/hate-speech-dataset,https://huggingface.co/datasets/odegiber,,,,,,,,https://choosealicense.com/licenses/cc-by-sa-3.0/,,,,,,,,,,,
omegalabsinc,,,,,,,https://huggingface.co/datasets/omegalabsinc,,,,,,,,https://choosealicense.com/licenses/mit/,,,,,,,,,,,
omi-health,,,,,,https://arxiv.org/abs/2310.15959,https://huggingface.co/datasets/omi-health,,,,,,,,,,,,,,,,,,,
OOPPEENN,,,,,,,https://huggingface.co/datasets/OOPPEENN,,,,,,,,https://choosealicense.com/licenses/gpl-3.0/,,,,,,,,,,,
Open-Orca,Text,,,,,https://arxiv.org/abs/2306.02707,https://huggingface.co/datasets/Open-Orca,,,,,,,,https://choosealicense.com/licenses/mit/,,,,,,,,,,,
open-r1,,,,,,,https://huggingface.co/datasets/open-r1,,,,,,,,https://choosealicense.com/licenses/cc-by-4.0/,,,,,,,,,,,
open-thoughts,,,,,,https://www.open-thoughts.ai/,https://huggingface.co/datasets/open-thoughts,,,,,,,,https://choosealicense.com/licenses/apache-2.0/,,,,https://github.com/bespokelabsai/curator/tree/main/examples/bespoke-stratos-data-generation,,,,,,,
openai,Text,General,General,Text,"Accuracy, F1 Score",https://arxiv.org/abs/2107.03374,https://huggingface.co/datasets/openai,,,,,,,,https://choosealicense.com/licenses/mit/,,,,,,,,,"BERT, RoBERTa, T5","ing problems with a function sig- nature, docstring, body, and several unit tests",
OpenAssistant,Text,General,Scientific,Text,"Accuracy, F1 Score",https://www.open-assistant.io/,https://huggingface.co/datasets/OpenAssistant,", annotated with 461,292 quality ratings, resulting in over 10,000 fully annotated conversation trees",,,,,,,https://choosealicense.com/licenses/apache-2.0/,,,,,,,,,"BERT, RoBERTa, T5",,
OpenCoder-LLM,,,,,,https://arxiv.org/abs/2411.04905,https://huggingface.co/datasets/OpenCoder-LLM,,,,,,,,https://choosealicense.com/licenses/mit/,,,1824,,,,,,,,
opencsg,,,,,,https://arxiv.org/abs/2501.08197,https://huggingface.co/datasets/opencsg,,,,,,,,https://choosealicense.com/licenses/apache-2.0/,,,,,,"s and StylesThe Chinese Cosmopedia dataset places special emphasis on the style and format of the generated content, encompassing various text types from academic to practical applications",,,,,
opendatalab,,,,,,https://arxiv.org/abs/2501.14506,https://huggingface.co/datasets/opendatalab,,,,,,,,https://choosealicense.com/licenses/cc-by-4.0/,,,,,,,,,,,
opendiffusionai,,,,,,,https://huggingface.co/datasets/opendiffusionai,,,,,,,,,,,,,,,,,,,
OpenGVLab,,,,,,https://github.com/OpenGVLab/InternVideo/tree/main/Data/InternVid,https://huggingface.co/datasets/OpenGVLab,,,,,,,,https://choosealicense.com/licenses/cc-by-nc-sa-4.0/,,,,,,,,,,,
openlanguagedata,,,,,,https://arxiv.org/abs/2207.04672,https://huggingface.co/datasets/openlanguagedata,,,,,,,,https://choosealicense.com/licenses/cc-by-sa-4.0/,,,,,,,,,,,
openSUSE,,,,,,,https://huggingface.co/datasets/openSUSE,,,,,,,,https://choosealicense.com/licenses/gpl-2.0/,,,,,,,,,,,
orby,,,,,,,https://huggingface.co/datasets/orby,,,,,,,,https://choosealicense.com/licenses/mit/,,,,,,,,,,,
PaDaS-Lab,,,,,,https://arxiv.org/abs/2502.20936,https://huggingface.co/datasets/PaDaS-Lab,,,,,,,,https://choosealicense.com/licenses/cc-by-4.0/,,,,,,,,,,,
ParlAI,Text,General,General,Text,"Accuracy, F1 Score",https://parl.ai/projects/bst/,https://huggingface.co/datasets/ParlAI,,,,,,,,https://choosealicense.com/licenses/unknown/,,,,,,,,,"BERT, RoBERTa, T5",,
pawan2411,,,,,,,https://huggingface.co/datasets/pawan2411,,,,,,,,,,,,,,,,,,,
Penicbird,,,,,,,https://huggingface.co/datasets/Penicbird,,,,,,,,https://choosealicense.com/licenses/mit/,,,,,,,,,,,
philschmid,,,,,,,https://huggingface.co/datasets/philschmid,,,,,,,,https://choosealicense.com/licenses/cc-by-nc-4.0/,,,,,,,,,,,
phiwi,Text,Translation,General,Text,"BLEU, METEOR, TER",https://edoc.bbaw.de/frontdoor/index/index/docId/2919,https://huggingface.co/datasets/phiwi,Translating Middle Egyptian Hieroglyph,,,,,,,https://choosealicense.com/licenses/cc-by-sa-4.0/,,,,,,,,,"T5, mBART, M2M100",,
Pinkstack,,,,,,,https://huggingface.co/datasets/Pinkstack,,,,,,,,https://choosealicense.com/licenses/apache-2.0/,,,,,,,,,,,
PKU-Alignment,Text,,,,,https://arxiv.org/abs/2406.15513,https://huggingface.co/datasets/PKU-Alignment,,,,,,,,https://choosealicense.com/licenses/cc-by-nc-4.0/,,,,,,,,,,,
PleIAs,,,,,,,https://huggingface.co/datasets/PleIAs,,,,,,,,https://choosealicense.com/licenses/cc-by-4.0/,,,,,,,,,,,
pmc,Text,,,,,https://www.ncbi.nlm.nih.gov/pmc/tools/openftlist/,https://huggingface.co/datasets/pmc,,,,,,,,https://choosealicense.com/licenses/cc0-1.0/,,,,,,,,,,,
poloclub,Text,,,,,https://poloclub.github.io/diffusiondb,https://huggingface.co/datasets/poloclub,,,,,,,,https://choosealicense.com/licenses/cc0-1.0/,,,,https://github.com/poloclub/diffusiondb/blob/main/notebooks/example-loading.ipynb,,,,,,,
Porameht,,,,,,,https://huggingface.co/datasets/Porameht,,,,,,,,,,,,,,,,,,,
PowerInfer,,,,,,,https://huggingface.co/datasets/PowerInfer,,,,,,,,https://choosealicense.com/licenses/apache-2.0/,,,,,,,,,,,
princeton-nlp,Text,General,General,Text,"Accuracy, F1 Score",https://arxiv.org/abs/2310.06770,https://huggingface.co/datasets/princeton-nlp,Models Resolve Real-World GitHub Issues?,,,,,,,,,,,,,,,,"BERT, RoBERTa, T5",,
prithivMLmods,,,,,,,https://huggingface.co/datasets/prithivMLmods,,,,,,,,https://choosealicense.com/licenses/apache-2.0/,,,,,,,,,,,
priyank-m,,,,,,,https://huggingface.co/datasets/priyank-m,,,,,,,,https://choosealicense.com/licenses/undefined/,,,,,,,,,,,
proj-persona,,,,,,https://arxiv.org/abs/2406.20094,https://huggingface.co/datasets/proj-persona,,,,,,,,https://choosealicense.com/licenses/cc-by-nc-sa-4.0/,,,,,,,,,,,
prometheus-eval,Text,General,General,Text,"Accuracy, F1 Score",,https://huggingface.co/datasets/prometheus-eval,models,,,,,,,https://choosealicense.com/licenses/cc-by-4.0/,,,,,,,,,"BERT, RoBERTa, T5",,
promptfoo,,,,,,,https://huggingface.co/datasets/promptfoo,,,,,,,,https://choosealicense.com/licenses/cc-by-nc-4.0/,,,,,,,,,,,
qihoo360,,,,,,https://arxiv.org/abs/2503.10460,https://huggingface.co/datasets/qihoo360,,,,,,,,https://choosealicense.com/licenses/apache-2.0/,,,,,,,,,,,
QingyiSi,,,,,,,https://huggingface.co/datasets/QingyiSi,,,,,,,,https://choosealicense.com/licenses/apache-2.0/,,,,https://github.com/sahil280114/codealpaca,,alpacaalpacaGPT4Chain-of-ThoughtCodeAlpacafinancefireflyGPT4allGPTeacherGuanacoHC3instinwildinstructNatural Instructionsprosocial dialogxP3Chinese-instruction-collectioncombinationCitationInstruction-Finetuning Dataset Collection (Alpaca-CoT)This repository will continuously collect various instruction tuning datasets,,,,,
qwopqwop,,,,,,https://arxiv.org/abs/2406.11939,https://huggingface.co/datasets/qwopqwop,,,,,,,,https://choosealicense.com/licenses/apache-2.0/,,,,,,,,,,,
racineai,,,,,,,https://huggingface.co/datasets/racineai,,,,,,,,https://choosealicense.com/licenses/apache-2.0/,,,,,,,,,,,
RafaelJaime,,,,,,,https://huggingface.co/datasets/RafaelJaime,,,,,,,,https://choosealicense.com/licenses/cc0-1.0/,,,,,,,,,,,
reazon-research,Audio,General,General,Text,"Accuracy, F1 Score",https://research.reazon.jp/projects/ReazonSpeech,https://huggingface.co/datasets/reazon-research,,,,,,,,https://choosealicense.com/licenses/other/,,,,,,,,,"BERT, RoBERTa, T5",,of audio
reedmayhew,,,,,,,https://huggingface.co/datasets/reedmayhew,,,,,,,,https://choosealicense.com/licenses/unknown/,,,,,,,,,,,
rexarski,Text,,,,,https://celeritasml.netlify.app/posts/2021-12-01-eli5c/,https://huggingface.co/datasets/rexarski,,,,,,,,https://choosealicense.com/licenses/unknown/,,,,,,,,,,,
reyavir,,,,,,,https://huggingface.co/datasets/reyavir,,,,,,,,,,,,,,You will receive a modelInput and a modelOutput,,,,,
rezacsedu,Audio,Classification,General,Label,"Accuracy, F1 Score, Precision, Recall",https://github.com/rezacsedu/Bengali-Hate-Speech-Dataset,https://huggingface.co/datasets/rezacsedu,dataset of news articles collected from various Bengali media sources and categorized based on the type of hate in the text,,,,,,,https://choosealicense.com/licenses/mit/,,,,,,,,,"BERT, RoBERTa, DeBERTa, XLNet",,
rishitdagli,Image,General,UI,Text,"Accuracy, F1 Score",,https://huggingface.co/datasets/rishitdagli,,,,,,,,https://choosealicense.com/licenses/unknown/,,,,,,,,,"BERT, RoBERTa, T5",,
rockerBOO,,,,,,,https://huggingface.co/datasets/rockerBOO,,,,,,,,https://choosealicense.com/licenses/apache-2.0/,,,,,,,,,,,
roneneldan,,,,,,https://arxiv.org/abs/2305.07759,https://huggingface.co/datasets/roneneldan,,,,,,,,https://choosealicense.com/licenses/cdla-sharing-1.0/,,,,,,,,,,,
Rowan,Text,,,,,https://rowanzellers.com/hellaswag/,https://huggingface.co/datasets/Rowan,,,,,,,,,,,,,,,,,,,
ryo0634,Text,General,General,Text,"Accuracy, F1 Score",https://raw.githubusercontent.com/tsuruoka-lab/BSD/,https://huggingface.co/datasets/ryo0634,English,,,,,,,https://choosealicense.com/licenses/cc-by-nc-sa-4.0/,,,,,,,,,"BERT, RoBERTa, T5",,
RyokoAI,Text,General,General,Text,"Accuracy, F1 Score",,https://huggingface.co/datasets/RyokoAI,,,,,,,,https://choosealicense.com/licenses/cc0-1.0/,,,,,,,,,"BERT, RoBERTa, T5",,
sacrificialpancakes,,,,,,,https://huggingface.co/datasets/sacrificialpancakes,,,,,,,,,,,,,,,,,,,
SadilKhan,,,,,,https://arxiv.org/abs/2409.17106,https://huggingface.co/datasets/SadilKhan,,,,,,,,https://choosealicense.com/licenses/cc-by-nc-sa-4.0/,,,,,,,,,,,
SakanaAI,,,,,,,https://huggingface.co/datasets/SakanaAI,,,,,,,,https://choosealicense.com/licenses/mit/,,,,,,,,,,,
Salesforce,Text,General,General,Text,"Accuracy, F1 Score",https://blog.einstein.ai/the-wikitext-long-term-dependency-language-modeling-dataset/,https://huggingface.co/datasets/Salesforce,modeling dataset is a collection of over 100 million tokens extracted from the set of verified Good and Featured articles on Wikipedia,,,,,,,https://choosealicense.com/licenses/cc-by-sa-3.0/,,,,,,,"d version of Penn Treebank (PTB), WikiText-2 is over 2 times larger and WikiText-103 is over 110 times larger",,"BERT, RoBERTa, T5",,
scb10x,,,,,,,https://huggingface.co/datasets/scb10x,,,,,,,,https://choosealicense.com/licenses/cc/,,,,,,,,,,,
scholarly360,,,,,,,https://huggingface.co/datasets/scholarly360,,,,,,,,https://choosealicense.com/licenses/apache-2.0/,,,,,,,,,,,
Scuccorese,,,,,,,https://huggingface.co/datasets/Scuccorese,,,,,,,,,,,,,,,,,,,
sdiazlor,Text,Reasoning,General,Text,"Accuracy, F1 Score",,https://huggingface.co/datasets/sdiazlor,,,,,,,,,,,2,,,,,,"T5, UnifiedQA, BART",,
SEACrowd,,,,,,https://arxiv.org/abs/2503.07920,https://huggingface.co/datasets/SEACrowd,,,,,,,,https://choosealicense.com/licenses/cc-by-sa-4.0/,,,,,,,,,,,
sealuzh,Text,General,Document,Text,"Accuracy, F1 Score",https://github.com/sealuzh/user_quality,https://huggingface.co/datasets/sealuzh,,,,,,,,https://choosealicense.com/licenses/unknown/,,,,,,,,,"BERT, RoBERTa, T5",,
ServiceNow-AI,,,,,,,https://huggingface.co/datasets/ServiceNow-AI,,,,,,,,https://choosealicense.com/licenses/cc-by-nc-sa-4.0/,,,,,,,,,,,
ServiceNow,,,,,,https://arxiv.org/abs/2412.04626,https://huggingface.co/datasets/ServiceNow,,,,,,,,https://choosealicense.com/licenses/cc-by-4.0/,,,,,,,,,,,
sewon,Text,General,UI,Text,"Accuracy, F1 Score",https://arxiv.org/abs/2004.10645,https://huggingface.co/datasets/sewon,,,,,,,,https://choosealicense.com/licenses/cc-by-sa-3.0/,,,,,,,,,"BERT, RoBERTa, T5",,
ShapeNet,,,,,,,https://huggingface.co/datasets/ShapeNet,,,,,,,,https://choosealicense.com/licenses/other/,,,,,,,,,,,
Sharathhebbar24,,,,,,,https://huggingface.co/datasets/Sharathhebbar24,,,,,,,,https://choosealicense.com/licenses/apache-2.0/,,,,,,,,,,,
shb777,,,,,,https://arxiv.org/abs/2203.15135,https://huggingface.co/datasets/shb777,,,,,,,,https://choosealicense.com/licenses/apache-2.0/,,,,,,,,,,,
ShengbinYue,,,,,,https://arxiv.org/abs/2309.11325,https://huggingface.co/datasets/ShengbinYue,,,,,,,,https://choosealicense.com/licenses/apache-2.0/,,,,,,,,,,,
shibing624,,,,,,https://arxiv.org/abs/2304.03277,https://huggingface.co/datasets/shibing624,,,,,,,,https://choosealicense.com/licenses/cc-by-4.0/,,,,,,,,,,,
Shitao,Text,General,General,Text,"Accuracy, F1 Score",https://arxiv.org/abs/2402.03216,https://huggingface.co/datasets/Shitao,MS MARCO English NQ English HotpotQA English TriviaQA English SQuAD English COLIEE English PubMedQA English NLI from SimCSE English DuReader Chinese mMARCO-zh Chinese T2Ranking Chinese Law-GPT Chinese cMedQAv2 Chinese NLI-zh Chinese LeCaRDv2 Chinese Mr,,,,,,,,,,,,,,,,"BERT, RoBERTa, T5",,
shiyue,Text,Translation,Scientific,Text,"BLEU, METEOR, TER",https://arxiv.org/abs/2010.04791,https://huggingface.co/datasets/shiyue,English,,,,,,,https://choosealicense.com/licenses/other/,,,,,,,,,"T5, mBART, M2M100",,
ShoukanLabs,,,,,,,https://huggingface.co/datasets/ShoukanLabs,,,,,,,,https://choosealicense.com/licenses/mit/,,,,,,,,,,,
showlab,,,,,,https://arxiv.org/abs/2503.14378,https://huggingface.co/datasets/showlab,,,,,,,,https://choosealicense.com/licenses/mit/,,,,,,,,,,,
Shubhangi29,,,,,,,https://huggingface.co/datasets/Shubhangi29,,,,,,,,,,,,,,,,,,,
Sightation,,,,,,https://arxiv.org/abs/2503.13369,https://huggingface.co/datasets/Sightation,,,,,,,,https://choosealicense.com/licenses/mit/,,,,,,,,,,,
sijiachenn,,,,,,,https://huggingface.co/datasets/sijiachenn,,,,,,,,,,,,,,,,,,,
silvermete0r,,,,,,,https://huggingface.co/datasets/silvermete0r,,,,,,,,https://choosealicense.com/licenses/unknown/,,,,,,,,,,,
simon3000,,,,,,,https://huggingface.co/datasets/simon3000,,,,,,,,,,,,,,,,,,,
simplescaling,Text,General,General,Text,"Accuracy, F1 Score",https://arxiv.org/abs/2501.19393,https://huggingface.co/datasets/simplescaling,,,,,,,,https://choosealicense.com/licenses/mit/,,,,,,,,,"BERT, RoBERTa, T5",,
Skylion007,Text,,,,,https://skylion007.github.io/OpenWebTextCorpus/,https://huggingface.co/datasets/Skylion007,,,,,,,,https://choosealicense.com/licenses/cc0-1.0/,,,,,,,,,,,
Slep,,,,,,https://arxiv.org/abs/2306.02928,https://huggingface.co/datasets/Slep,,,,,,,,https://choosealicense.com/licenses/cc-by-nc-4.0/,,,,,,,,,,,
SmallDoge,,,,,,,https://huggingface.co/datasets/SmallDoge,,,,,,,,https://choosealicense.com/licenses/apache-2.0/,,,,,,,,,,,
sorry-bench,,,,,,https://arxiv.org/abs/2406.14598,https://huggingface.co/datasets/sorry-bench,,,,,,,,https://choosealicense.com/licenses/other/,,,,,,,,,,,
speechbrain,Text,,,,,https://zenodo.org/record/5036977,https://huggingface.co/datasets/speechbrain,,,,,,,,https://choosealicense.com/licenses/cc-by-4.0/,,,,,,,,,,,
speechcolab,,,,,,https://github.com/SpeechColab/GigaSpeech,https://huggingface.co/datasets/speechcolab,,,,,,,,https://choosealicense.com/licenses/apache-2.0/,,,9,,,,,,,,
spyysalo,Text,General,General,Text,"Accuracy, F1 Score",https://github.com/spyysalo/bc2gm-corpus/,https://huggingface.co/datasets/spyysalo,,,,,,,,https://choosealicense.com/licenses/unknown/,,,,,,,,,"BERT, RoBERTa, T5",,
stanfordnlp,Text,Classification,General,Label,"Accuracy, F1 Score, Precision, Recall",http://ai.stanford.edu/~amaas/data/sentiment/,https://huggingface.co/datasets/stanfordnlp,,,,,,,,https://choosealicense.com/licenses/other/,,,,,,,,,"BERT, RoBERTa, DeBERTa, XLNet",,
starvector,,,,,,https://arxiv.org/abs/2312.11556,https://huggingface.co/datasets/starvector,,,,,,,,,,,,,,,,,,,
stas,,,,,,,https://huggingface.co/datasets/stas,,,,,,,,,,,,,,,,,,,
statmt,Text,,,,,https://data.statmt.org/cc-100/,https://huggingface.co/datasets/statmt,,,,,,,,https://choosealicense.com/licenses/unknown/,,,,,,,,,,,
studymakesmehappyyyyy,,,,,,,https://huggingface.co/datasets/studymakesmehappyyyyy,,,,,,,,https://choosealicense.com/licenses/mit/,,,,,,,,,,,
SUFE-AIFLM-Lab,,,,,,https://arxiv.org/abs/2308.09975,https://huggingface.co/datasets/SUFE-AIFLM-Lab,,,,,,,,https://choosealicense.com/licenses/cc-by-nc-sa-4.0/,,,,,,,,,,,
super-dainiu,,,,,,https://arxiv.org/abs/2503.07459,https://huggingface.co/datasets/super-dainiu,,,,,,,,https://choosealicense.com/licenses/apache-2.0/,,,,,,,,,,,
SynthLabsAI,,,,,,https://arxiv.org/abs/2502.17387,https://huggingface.co/datasets/SynthLabsAI,,,,,,,,https://choosealicense.com/licenses/apache-2.0/,,,,,,,,,,,
takala,Text,,,,,https://www.researchgate.net/publication/251231364_FinancialPhraseBank-v10,https://huggingface.co/datasets/takala,,,,,,,,https://choosealicense.com/licenses/cc-by-nc-sa-3.0/,,,,,,,,,,,
takara-ai,,,,,,,https://huggingface.co/datasets/takara-ai,,,,,,,,https://choosealicense.com/licenses/mit/,,,,,,UsageDataset Creation ProcessApplicationsTechnical ImplementationCitationLicenseAcknowledgmentsFrom the Frontier Research Team atTakara,,,,,
tau,Text,Question Answering,UI,Text,"Exact Match, F1 Score",https://www.tau-nlp.org/commonsenseqa,https://huggingface.co/datasets/tau,,,,,,,,https://choosealicense.com/licenses/mit/,,,,,,,,,"BERT, RoBERTa, T5, BART",,
tdavidson,Audio,Detection,General,Bounding Box/Mask,"mAP, IoU",https://github.com/t-davidson/hate-speech-and-offensive-language,https://huggingface.co/datasets/tdavidson,detection on tweets,,,,,,,https://choosealicense.com/licenses/unknown/,,,,,,,,,"DETR, Faster R-CNN, YOLO",,
tdiggelm,Text,General,General,Text,"Accuracy, F1 Score",http://climatefever.ai,https://huggingface.co/datasets/tdiggelm,English,,,,,,,https://choosealicense.com/licenses/unknown/,,,,,,,,,"BERT, RoBERTa, T5",,
Team-ACE,,,,,,https://arxiv.org/abs/2409.00920,https://huggingface.co/datasets/Team-ACE,,,,,,,,https://choosealicense.com/licenses/apache-2.0/,,,,,,,,,,,
teapotai,,,,,,,https://huggingface.co/datasets/teapotai,,,,,,,,https://choosealicense.com/licenses/mit/,,,,,,,,,,,
teknium,,,,,,,https://huggingface.co/datasets/teknium,,,,,,,,,,,,,,,,,,,
Tesslate,,,,,,,https://huggingface.co/datasets/Tesslate,,,,,,,,https://choosealicense.com/licenses/apache-2.0/,,,50,,,,,,,,
theatticusproject,Text,,,,,https://www.atticusprojectai.org/cuad,https://huggingface.co/datasets/theatticusproject,,,,,,,,https://choosealicense.com/licenses/cc-by-4.0/,,,,,,,,,,,
TheBritishLibrary,Text,,,,,https://www.bl.uk/collection-guides/digitised-printed-books,https://huggingface.co/datasets/TheBritishLibrary,,,,,,,,https://choosealicense.com/licenses/cc0-1.0/,,,,,,,,,,,
TheFinAI,,,,,,https://arxiv.org/abs/2502.08127,https://huggingface.co/datasets/TheFinAI,,,,,,,,https://choosealicense.com/licenses/cc-by-4.0/,,,,,,,,,,,
THUDM,,,,,,https://arxiv.org/abs/2310.12823,https://huggingface.co/datasets/THUDM,,,,,,,,,,,,,,,,,,,
THUIR,,,,,,https://arxiv.org/abs/2503.00501,https://huggingface.co/datasets/THUIR,,,,,,,,https://choosealicense.com/licenses/apache-2.0/,,,,,,,,,,,
thunlp,Text,,,,,https://arxiv.org/abs/1906.06127,https://huggingface.co/datasets/thunlp,,,,,,,,https://choosealicense.com/licenses/mit/,,,,,,,,,,,
ticoAg,,,,,,,https://huggingface.co/datasets/ticoAg,,,,,,,,https://choosealicense.com/licenses/apache-2.0/,,,,,,,,,,,
TIGER-Lab,Text,,,,,https://arxiv.org/abs/2406.01574,https://huggingface.co/datasets/TIGER-Lab,,,,,,,,https://choosealicense.com/licenses/mit/,,,,,,,,,,,
timdettmers,,,,,,,https://huggingface.co/datasets/timdettmers,,,,,,,,,,,,,,,,,,,
TransferRapid,Text,,,,,,https://huggingface.co/datasets/TransferRapid,,,,,,,,https://choosealicense.com/licenses/mit/,,,,,,,,,,,
transformersbook,,,,,,,https://huggingface.co/datasets/transformersbook,,,,,,,,,,,,,,,,,,,
trendmicro-ailab,,,,,,https://arxiv.org/abs/2502.11191,https://huggingface.co/datasets/trendmicro-ailab,,,,,,,,https://choosealicense.com/licenses/odc-by/,,,,,,,,,,,
ttgeng233,,,,,,https://arxiv.org/abs/2411.19772,https://huggingface.co/datasets/ttgeng233,,,,,,,,https://choosealicense.com/licenses/cc-by-nc-sa-4.0/,,,,,,,,,,,
ucf-crcv,,,,,,https://arxiv.org/abs/2503.16423,https://huggingface.co/datasets/ucf-crcv,,,,,,,Main contributions:,,,,,,,,,,,,
ucinlp,Text,Reasoning,UI,Text,"Accuracy, F1 Score",https://allenai.org/data/drop,https://huggingface.co/datasets/ucinlp,,,,,,,,https://choosealicense.com/licenses/cc-by-sa-4.0/,,,,,,,,,"T5, UnifiedQA, BART",,
UCSC-VLAA,,,,,,https://arxiv.org/abs/2408.02900,https://huggingface.co/datasets/UCSC-VLAA,,,,,,,,,,,,,,,,,,,
UCSD26,Text,,,,,https://arxiv.org/abs/2004.03329,https://huggingface.co/datasets/UCSD26,,,,,,,,https://choosealicense.com/licenses/unknown/,,,,,,,,,,,
Ugiat,Text,General,General,Text,"Accuracy, F1 Score",https://arxiv.org/abs/2503.14173,https://huggingface.co/datasets/Ugiat,"television transcriptions, designed to improve Named Entity Recognition (NER) performance for the Catalan language",,,,,,,https://choosealicense.com/licenses/apache-2.0/,,,,,,,,,"BERT, RoBERTa, T5",,
unitreerobotics,,,,,,,https://huggingface.co/datasets/unitreerobotics,,,,,,,,,,,,,,,,,,,
uoft-cs,Image,Classification,General,Label,"Accuracy, F1 Score, Precision, Recall",https://www.cs.toronto.edu/~kriz/cifar.html,https://huggingface.co/datasets/uoft-cs,,,,,,,,https://choosealicense.com/licenses/unknown/,,,,,,,,,"BERT, RoBERTa, DeBERTa, XLNet",,
vblagoje,Text,General,General,Text,"Accuracy, F1 Score",https://commoncrawl.org/2016/10/news-dataset-available/,https://huggingface.co/datasets/vblagoje,news articles published between Jan 2017 and December 2019,,,,,,,https://choosealicense.com/licenses/unknown/,,,10,,,,,,"BERT, RoBERTa, T5",,
Vchitect,,,,,,https://arxiv.org/abs/2501.08453,https://huggingface.co/datasets/Vchitect,,,,,,,,https://choosealicense.com/licenses/apache-2.0/,,,,,,,,,,,
viber1,,,,,,,https://huggingface.co/datasets/viber1,,,,,,,,https://choosealicense.com/licenses/apache-2.0/,,,,,,,,,,,
vicgalle,,,,,,https://instruction-tuning-with-gpt-4.github.io,https://huggingface.co/datasets/vicgalle,,,,,,,,https://choosealicense.com/licenses/cc-by-nc-4.0/,,,,,,,,,,,
victunes,,,,,,,https://huggingface.co/datasets/victunes,,,,,,,,https://choosealicense.com/licenses/openrail/,,,,,,,,,,,
vidore,,,,,,https://arxiv.org/abs/2407.01449,https://huggingface.co/datasets/vidore,,,,,,,,,,,,,,,,,,,
weitianwen,,,,,,https://arxiv.org/abs/2306.16636,https://huggingface.co/datasets/weitianwen,,,,,,,,https://choosealicense.com/licenses/cc-by-4.0/,,,,,,,,,,,
wikimedia,Text,General,UI,Text,"Accuracy, F1 Score",https://dumps.wikimedia.org,https://huggingface.co/datasets/wikimedia,s,,,,,,,https://choosealicense.com/licenses/cc-by-sa-3.0/,,,,,,,d articles of all languages,,"BERT, RoBERTa, T5",,
WinkingFace,,,,,,,https://huggingface.co/datasets/WinkingFace,,,,,,,,https://choosealicense.com/licenses/mit/,,,,,,,,,,,
WiroAI,,,,,,,https://huggingface.co/datasets/WiroAI,,,,,,,,https://choosealicense.com/licenses/apache-2.0/,,,,,,,,,,,
wuliangfo,,,,,,,https://huggingface.co/datasets/wuliangfo,,,,,,,,https://choosealicense.com/licenses/openrail/,,,,,,,,,,,
wushan,,,,,,,https://huggingface.co/datasets/wushan,,,,,,,,https://choosealicense.com/licenses/apache-2.0/,,,,,,,,,,,
WWKJ,,,,,,,https://huggingface.co/datasets/WWKJ,,,,,,,,https://choosealicense.com/licenses/other/,,,,,,,,,,,
wzzzq,,,,,,,https://huggingface.co/datasets/wzzzq,,,,,,,,https://choosealicense.com/licenses/mit/,,,,,,,,,,,
xcodemind,,,,,,https://arxiv.org/abs/2404.06369,https://huggingface.co/datasets/xcodemind,,,,,,,,https://choosealicense.com/licenses/cc-by-4.0/,,,,,,,,,,,
XIANG-Shuai,,,,,,,https://huggingface.co/datasets/XIANG-Shuai,,,,,,,,https://choosealicense.com/licenses/cc-by-4.0/,,,,,,,,,,,
xingjianleng,,,,,,,https://huggingface.co/datasets/xingjianleng,,,,,,,,,,,,,,,,,,,
xjf666,,,,,,,https://huggingface.co/datasets/xjf666,,,,,,,,,,,,,,,,,,,
XuanwuAI,,,,,,,https://huggingface.co/datasets/XuanwuAI,,,,,,,,,,,,,,,,,,,
XXsongLALA,,,,,,,https://huggingface.co/datasets/XXsongLALA,,,,,,,,,,,,,,,,,,,
y2lan,,,,,,,https://huggingface.co/datasets/y2lan,,,,,,,,https://choosealicense.com/licenses/mit/,,,,,,,,,,,
yaak-ai,,,,,,,https://huggingface.co/datasets/yaak-ai,,,,,,,,https://choosealicense.com/licenses/apache-2.0/,,,,,,,,,,,
yahma,Text,,,,,,https://huggingface.co/datasets/yahma,,,,,,,,https://choosealicense.com/licenses/cc-by-4.0/,,,,,,,,,,,
Yale-LILY,Text,General,General,Text,"Accuracy, F1 Score",,https://huggingface.co/datasets/Yale-LILY,,,,,,,,https://choosealicense.com/licenses/unknown/,,,,,,,,,"BERT, RoBERTa, T5",,
yale-nlp,,,,,,,https://huggingface.co/datasets/yale-nlp,,,,,,,,https://choosealicense.com/licenses/mit/,,,,,,,,,,,
YaraMou,,,,,,,https://huggingface.co/datasets/YaraMou,,,,,,,,https://choosealicense.com/licenses/mit/,,,,,,,,,,,
YeungNLP,,,,,,,https://huggingface.co/datasets/YeungNLP,,,,,,,,,,,,,,,,,,,
ylacombe,,,,,,https://arxiv.org/abs/2308.05725,https://huggingface.co/datasets/ylacombe,,,,,,,,https://choosealicense.com/licenses/cc-by-nc-4.0/,,,,https://github.com/facebookresearch/textlesslib/tree/main/examples/expresso/dataset,,,,,,,
yueliu1999,,,,,,https://arxiv.org/abs/2501.18492,https://huggingface.co/datasets/yueliu1999,,,,,,,,https://choosealicense.com/licenses/mit/,,,,,,,,,,,
YulangZhuo,,,,,,https://arxiv.org/abs/2407.02751,https://huggingface.co/datasets/YulangZhuo,,,,,,,,https://choosealicense.com/licenses/cc-by-nc-4.0/,,,,,,,,,,,
zalando-datasets,Image,General,General,Text,"Accuracy, F1 Score",https://github.com/zalandoresearch/fashion-mnist,https://huggingface.co/datasets/zalando-datasets,,,60000,,,,,https://choosealicense.com/licenses/mit/,,,,,,,,,"BERT, RoBERTa, T5",,
zed-industries,,,,,,,https://huggingface.co/datasets/zed-industries,,,,,,,,https://choosealicense.com/licenses/apache-2.0/,,,,,,,,,,,
ZenMoore,,,,,,https://arxiv.org/abs/2310.00746,https://huggingface.co/datasets/ZenMoore,,,,,,,,https://choosealicense.com/licenses/apache-2.0/,,,,,,,,,,,
zhang0jhon,,,,,,https://arxiv.org/abs/2503.18352,https://huggingface.co/datasets/zhang0jhon,,,,,,,,https://choosealicense.com/licenses/mit/,,,,,,,,,,,
zhangzhiyang,,,,,,,https://huggingface.co/datasets/zhangzhiyang,,,,,,,,,,,,,,,,,,,
ZihanWangKi,Text,,,,,https://github.com/ZihanWangKi/CrossWeigh,https://huggingface.co/datasets/ZihanWangKi,,,,,,,,https://choosealicense.com/licenses/unknown/,,,,,,,,,,,
zlatinb,,,,,,,https://huggingface.co/datasets/zlatinb,,,,,,,,https://choosealicense.com/licenses/cc0-1.0/,,,,,,,,,,,
zwq2018,,,,,,https://arxiv.org/abs/2501.00958,https://huggingface.co/datasets/zwq2018,,,,,,,,,,,,,,,,,,,
